crop_path,source_img,x1_norm,y1_norm,x2_norm,y2_norm,x1_px,y1_px,x2_px,y2_px,score,crop_w,crop_h
/content/drive/MyDrive/mobilenetv3_step2/person_crops/train/fall001_person00.jpg,/content/drive/MyDrive/mobilenetv3_step2/fall_dataset/train/images/fall001.jpg,0.229519,0.409004,0.780365,0.687413,63,74,214,125,0.6703,167,56
/content/drive/MyDrive/mobilenetv3_step2/person_crops/train/fall002_person00.jpg,/content/drive/MyDrive/mobilenetv3_step2/fall_dataset/train/images/fall002.jpg,0.41827,0.30212,0.727428,0.724502,108,58,188,140,0.6927,88,90
/content/drive/MyDrive/mobilenetv3_step2/person_crops/train/fall003_person00.jpg,/content/drive/MyDrive/mobilenetv3_step2/fall_dataset/train/images/fall003.jpg,0.170864,0.356884,0.932376,0.790952,46,65,256,144,0.8346,230,87
/content/drive/MyDrive/mobilenetv3_step2/person_crops/train/fall004_person00.jpg,/content/drive/MyDrive/mobilenetv3_step2/fall_dataset/train/images/fall004.jpg,0.135131,0.148571,1.0,0.791029,37,27,275,144,0.6745,250,129
/content/drive/MyDrive/mobilenetv3_step2/person_crops/train/fall005_person00.jpg,/content/drive/MyDrive/mobilenetv3_step2/fall_dataset/train/images/fall005.jpg,0.099176,0.034359,0.972539,0.928523,27,6,267,169,0.7244,260,178
/content/drive/MyDrive/mobilenetv3_step2/person_crops/train/fall006_person00.jpg,/content/drive/MyDrive/mobilenetv3_step2/fall_dataset/train/images/fall006.jpg,0.154299,0.084088,1.0,0.933538,42,15,275,170,0.5595,245,171
/content/drive/MyDrive/mobilenetv3_step2/person_crops/train/fall007_person00.jpg,/content/drive/MyDrive/mobilenetv3_step2/fall_dataset/train/images/fall007.jpg,0.182677,0.225876,0.913205,0.813771,47,43,237,157,0.692,209,125
/content/drive/MyDrive/mobilenetv3_step2/person_crops/train/fall008_person00.jpg,/content/drive/MyDrive/mobilenetv3_step2/fall_dataset/train/images/fall008.jpg,0.1844,0.246771,1.0,0.869339,56,40,304,144,0.6284,261,114
/content/drive/MyDrive/mobilenetv3_step2/person_crops/train/fall009_person00.jpg,/content/drive/MyDrive/mobilenetv3_step2/fall_dataset/train/images/fall009.jpg,0.069629,0.179606,0.978307,0.85918,18,34,259,163,0.6656,259,142
/content/drive/MyDrive/mobilenetv3_step2/person_crops/train/fall010_person00.jpg,/content/drive/MyDrive/mobilenetv3_step2/fall_dataset/train/images/fall010.jpg,0.0,0.151169,0.446051,0.986504,0,28,119,186,0.7495,125,169
/content/drive/MyDrive/mobilenetv3_step2/person_crops/train/fall010_person01.jpg,/content/drive/MyDrive/mobilenetv3_step2/fall_dataset/train/images/fall010.jpg,0.297232,0.165248,0.679308,0.824291,79,31,181,155,0.5646,112,137
/content/drive/MyDrive/mobilenetv3_step2/person_crops/train/fall011_person00.jpg,/content/drive/MyDrive/mobilenetv3_step2/fall_dataset/train/images/fall011.jpg,0.169206,0.007866,1.0,0.59617,44,1,264,113,0.6727,231,119
/content/drive/MyDrive/mobilenetv3_step2/person_crops/train/fall012_person00.jpg,/content/drive/MyDrive/mobilenetv3_step2/fall_dataset/train/images/fall012.jpg,0.109652,0.257789,0.92308,0.939705,20,69,172,252,0.7844,168,201
/content/drive/MyDrive/mobilenetv3_step2/person_crops/train/fall013_person00.jpg,/content/drive/MyDrive/mobilenetv3_step2/fall_dataset/train/images/fall013.jpg,0.253573,0.084156,0.856994,0.495258,67,15,227,94,0.7182,176,86
/content/drive/MyDrive/mobilenetv3_step2/person_crops/train/fall014_person00.jpg,/content/drive/MyDrive/mobilenetv3_step2/fall_dataset/train/images/fall014.jpg,0.073001,0.080731,0.92378,0.937181,20,14,254,171,0.6586,257,173
/content/drive/MyDrive/mobilenetv3_step2/person_crops/train/fall016_person00.jpg,/content/drive/MyDrive/mobilenetv3_step2/fall_dataset/train/images/fall016.jpg,0.117926,0.105988,0.776957,0.394217,21,29,142,108,0.7536,133,87
/content/drive/MyDrive/mobilenetv3_step2/person_crops/train/fall017_person00.jpg,/content/drive/MyDrive/mobilenetv3_step2/fall_dataset/train/images/fall017.jpg,0.172624,0.359068,1.0,0.938421,38,80,225,211,0.6159,196,143
/content/drive/MyDrive/mobilenetv3_step2/person_crops/train/fall018_person00.jpg,/content/drive/MyDrive/mobilenetv3_step2/fall_dataset/train/images/fall018.jpg,0.221396,0.0,1.0,0.985632,69,0,311,158,0.7188,256,161
/content/drive/MyDrive/mobilenetv3_step2/person_crops/train/fall019_person00.jpg,/content/drive/MyDrive/mobilenetv3_step2/fall_dataset/train/images/fall019.jpg,0.119074,0.193934,1.0,0.839133,32,35,275,153,0.7094,255,130
/content/drive/MyDrive/mobilenetv3_step2/person_crops/train/fall020_person00.jpg,/content/drive/MyDrive/mobilenetv3_step2/fall_dataset/train/images/fall020.jpg,0.068407,0.042025,0.945728,0.890327,17,8,248,170,0.5723,254,179
/content/drive/MyDrive/mobilenetv3_step2/person_crops/train/fall021_person00.jpg,/content/drive/MyDrive/mobilenetv3_step2/fall_dataset/train/images/fall021.jpg,0.088032,0.363766,0.834201,0.81668,16,100,152,224,0.632,150,137
/content/drive/MyDrive/mobilenetv3_step2/person_crops/train/fall022_person00.jpg,/content/drive/MyDrive/mobilenetv3_step2/fall_dataset/train/images/fall022.jpg,0.159285,0.273362,0.672966,1.0,43,50,185,183,0.7019,156,140
/content/drive/MyDrive/mobilenetv3_step2/person_crops/train/fall023_person00.jpg,/content/drive/MyDrive/mobilenetv3_step2/fall_dataset/train/images/fall023.jpg,0.133143,0.535203,0.743221,0.8272,36,97,204,151,0.6681,184,59
/content/drive/MyDrive/mobilenetv3_step2/person_crops/train/fall024_person00.jpg,/content/drive/MyDrive/mobilenetv3_step2/fall_dataset/train/images/fall024.jpg,0.041524,0.328908,0.739231,0.618497,11,60,203,113,0.6886,211,58
/content/drive/MyDrive/mobilenetv3_step2/person_crops/train/fall025_person00.jpg,/content/drive/MyDrive/mobilenetv3_step2/fall_dataset/train/images/fall025.jpg,0.045525,0.072374,0.625994,0.819398,12,13,172,149,0.71,176,150
/content/drive/MyDrive/mobilenetv3_step2/person_crops/train/fall026_person00.jpg,/content/drive/MyDrive/mobilenetv3_step2/fall_dataset/train/images/fall026.jpg,0.131052,0.229165,0.806256,0.612756,34,43,213,116,0.715,197,81
/content/drive/MyDrive/mobilenetv3_step2/person_crops/train/fall027_person00.jpg,/content/drive/MyDrive/mobilenetv3_step2/fall_dataset/train/images/fall027.jpg,0.436635,0.126442,0.892449,0.544506,116,23,238,102,0.6229,134,87
/content/drive/MyDrive/mobilenetv3_step2/person_crops/train/fall028_person00.jpg,/content/drive/MyDrive/mobilenetv3_step2/fall_dataset/train/images/fall028.jpg,0.103764,0.213755,0.76733,0.875975,17,59,132,245,0.9028,126,204
/content/drive/MyDrive/mobilenetv3_step2/person_crops/train/fall029_person00.jpg,/content/drive/MyDrive/mobilenetv3_step2/fall_dataset/train/images/fall029.jpg,0.141145,0.108929,0.931061,0.82862,37,20,246,157,0.5964,231,151
/content/drive/MyDrive/mobilenetv3_step2/person_crops/train/fall030_person00.jpg,/content/drive/MyDrive/mobilenetv3_step2/fall_dataset/train/images/fall030.jpg,0.148412,0.0,0.79735,0.707916,40,0,216,131,0.6526,193,138
/content/drive/MyDrive/mobilenetv3_step2/person_crops/train/fall031_person00.jpg,/content/drive/MyDrive/mobilenetv3_step2/fall_dataset/train/images/fall031.jpg,0.055384,0.26768,0.655314,0.900865,14,50,173,171,0.7126,175,133
/content/drive/MyDrive/mobilenetv3_step2/person_crops/train/fall032_person00.jpg,/content/drive/MyDrive/mobilenetv3_step2/fall_dataset/train/images/fall032.jpg,0.300907,0.572725,0.987925,0.920494,82,104,271,168,0.7104,202,70
/content/drive/MyDrive/mobilenetv3_step2/person_crops/train/fall033_person00.jpg,/content/drive/MyDrive/mobilenetv3_step2/fall_dataset/train/images/fall033.jpg,0.113422,0.002581,0.743602,0.958642,32,0,215,166,0.7317,201,174
/content/drive/MyDrive/mobilenetv3_step2/person_crops/train/fall034_person00.jpg,/content/drive/MyDrive/mobilenetv3_step2/fall_dataset/train/images/fall034.jpg,0.060164,0.299914,1.0,0.93508,11,82,183,257,0.8582,181,192
/content/drive/MyDrive/mobilenetv3_step2/person_crops/train/fall035_person00.jpg,/content/drive/MyDrive/mobilenetv3_step2/fall_dataset/train/images/fall035.jpg,0.057544,0.36227,0.889075,0.840509,17,59,274,137,0.6282,283,85
/content/drive/MyDrive/mobilenetv3_step2/person_crops/train/fall036_person00.jpg,/content/drive/MyDrive/mobilenetv3_step2/fall_dataset/train/images/fall036.jpg,0.172026,0.206693,1.0,0.827956,47,37,275,151,0.8058,240,125
/content/drive/MyDrive/mobilenetv3_step2/person_crops/train/fall037_person00.jpg,/content/drive/MyDrive/mobilenetv3_step2/fall_dataset/train/images/fall037.jpg,0.14495,0.114059,0.943961,0.579281,32,25,212,130,0.6029,198,115
/content/drive/MyDrive/mobilenetv3_step2/person_crops/train/fall038_person00.jpg,/content/drive/MyDrive/mobilenetv3_step2/fall_dataset/train/images/fall038.jpg,0.216218,0.249906,0.548684,0.783816,64,41,164,131,0.7853,110,99
/content/drive/MyDrive/mobilenetv3_step2/person_crops/train/fall039_person00.jpg,/content/drive/MyDrive/mobilenetv3_step2/fall_dataset/train/images/fall039.jpg,0.153555,0.185714,0.668526,0.843854,40,35,175,162,0.6338,148,139
/content/drive/MyDrive/mobilenetv3_step2/person_crops/train/fall040_person00.jpg,/content/drive/MyDrive/mobilenetv3_step2/fall_dataset/train/images/fall040.jpg,0.249072,0.086578,0.965384,0.783671,58,18,226,167,0.7589,185,164
/content/drive/MyDrive/mobilenetv3_step2/person_crops/train/fall041_person00.jpg,/content/drive/MyDrive/mobilenetv3_step2/fall_dataset/train/images/fall041.jpg,0.052113,0.258983,0.876332,0.795729,13,49,229,152,0.7379,238,113
/content/drive/MyDrive/mobilenetv3_step2/person_crops/train/fall042_person00.jpg,/content/drive/MyDrive/mobilenetv3_step2/fall_dataset/train/images/fall042.jpg,0.163633,0.192816,0.946468,0.882402,28,54,167,251,0.7643,152,216
/content/drive/MyDrive/mobilenetv3_step2/person_crops/train/fall043_person00.jpg,/content/drive/MyDrive/mobilenetv3_step2/fall_dataset/train/images/fall043.jpg,0.17012,0.088561,0.852282,0.858938,44,17,223,164,0.7789,197,163
/content/drive/MyDrive/mobilenetv3_step2/person_crops/train/fall044_person00.jpg,/content/drive/MyDrive/mobilenetv3_step2/fall_dataset/train/images/fall044.jpg,0.13632,0.116954,0.829219,0.611153,35,22,217,117,0.6704,200,105
/content/drive/MyDrive/mobilenetv3_step2/person_crops/train/fall045_person00.jpg,/content/drive/MyDrive/mobilenetv3_step2/fall_dataset/train/images/fall045.jpg,0.080952,0.235121,0.941297,0.960449,22,43,259,175,0.6842,261,146
/content/drive/MyDrive/mobilenetv3_step2/person_crops/train/fall045_person01.jpg,/content/drive/MyDrive/mobilenetv3_step2/fall_dataset/train/images/fall045.jpg,0.023496,0.0,0.207444,0.396487,6,0,57,72,0.6057,56,76
/content/drive/MyDrive/mobilenetv3_step2/person_crops/train/fall046_person00.jpg,/content/drive/MyDrive/mobilenetv3_step2/fall_dataset/train/images/fall046.jpg,0.072073,0.276454,0.86328,0.874492,19,50,237,160,0.6254,240,120
/content/drive/MyDrive/mobilenetv3_step2/person_crops/train/fall047_person00.jpg,/content/drive/MyDrive/mobilenetv3_step2/fall_dataset/train/images/fall047.jpg,0.074277,0.109042,0.713361,0.905054,19,20,186,173,0.8019,184,168
/content/drive/MyDrive/mobilenetv3_step2/person_crops/train/fall048_person00.jpg,/content/drive/MyDrive/mobilenetv3_step2/fall_dataset/train/images/fall048.jpg,0.0,0.142697,0.87153,0.825813,0,27,225,160,0.5555,237,145
/content/drive/MyDrive/mobilenetv3_step2/person_crops/train/fall049_person00.jpg,/content/drive/MyDrive/mobilenetv3_step2/fall_dataset/train/images/fall049.jpg,0.156836,0.120318,0.956818,0.828686,31,30,192,208,0.8124,177,195
/content/drive/MyDrive/mobilenetv3_step2/person_crops/train/fall050_person00.jpg,/content/drive/MyDrive/mobilenetv3_step2/fall_dataset/train/images/fall050.jpg,0.322234,0.141153,1.0,0.899893,88,25,275,164,0.7975,196,153
/content/drive/MyDrive/mobilenetv3_step2/person_crops/train/fall051_person00.jpg,/content/drive/MyDrive/mobilenetv3_step2/fall_dataset/train/images/fall051.jpg,0.0,0.436622,0.790294,1.0,0,120,144,275,0.7028,151,163
/content/drive/MyDrive/mobilenetv3_step2/person_crops/train/fall052_person00.jpg,/content/drive/MyDrive/mobilenetv3_step2/fall_dataset/train/images/fall052.jpg,0.037282,0.170905,0.774969,0.662712,9,32,205,125,0.7474,215,103
/content/drive/MyDrive/mobilenetv3_step2/person_crops/train/fall053_person00.jpg,/content/drive/MyDrive/mobilenetv3_step2/fall_dataset/train/images/fall053.jpg,0.20676,0.390923,0.85072,0.900023,53,75,220,174,0.5557,183,109
/content/drive/MyDrive/mobilenetv3_step2/person_crops/train/fall054_person00.jpg,/content/drive/MyDrive/mobilenetv3_step2/fall_dataset/train/images/fall054.jpg,0.091999,0.18973,0.777251,0.960079,25,34,214,175,0.6598,208,155
/content/drive/MyDrive/mobilenetv3_step2/person_crops/train/fall055_person00.jpg,/content/drive/MyDrive/mobilenetv3_step2/fall_dataset/train/images/fall055.jpg,0.10589,0.314702,0.824907,0.77844,28,59,219,147,0.7789,210,96
/content/drive/MyDrive/mobilenetv3_step2/person_crops/train/fall056_person00.jpg,/content/drive/MyDrive/mobilenetv3_step2/fall_dataset/train/images/fall056.jpg,0.036556,0.122496,0.763904,0.793918,9,23,202,150,0.6954,212,141
/content/drive/MyDrive/mobilenetv3_step2/person_crops/train/fall056_person01.jpg,/content/drive/MyDrive/mobilenetv3_step2/fall_dataset/train/images/fall056.jpg,0.595782,0.0,0.826977,0.284655,157,0,219,54,0.5961,68,56
/content/drive/MyDrive/mobilenetv3_step2/person_crops/train/fall057_person00.jpg,/content/drive/MyDrive/mobilenetv3_step2/fall_dataset/train/images/fall057.jpg,0.0,0.367039,1.0,0.98684,0,61,302,164,0.5768,302,111
/content/drive/MyDrive/mobilenetv3_step2/person_crops/train/fall058_person00.jpg,/content/drive/MyDrive/mobilenetv3_step2/fall_dataset/train/images/fall058.jpg,0.006827,0.389684,1.0,0.947456,1,91,213,223,0.6923,213,145
/content/drive/MyDrive/mobilenetv3_step2/person_crops/train/fall059_person00.jpg,/content/drive/MyDrive/mobilenetv3_step2/fall_dataset/train/images/fall059.jpg,0.027946,0.129459,1.0,0.815529,7,24,265,154,0.6447,265,143
/content/drive/MyDrive/mobilenetv3_step2/person_crops/train/fall060_person00.jpg,/content/drive/MyDrive/mobilenetv3_step2/fall_dataset/train/images/fall060.jpg,0.085283,0.091848,0.968799,0.913242,21,18,245,181,0.68,243,179
/content/drive/MyDrive/mobilenetv3_step2/person_crops/train/fall061_person00.jpg,/content/drive/MyDrive/mobilenetv3_step2/fall_dataset/train/images/fall061.jpg,0.08138,0.064038,0.957723,0.837818,24,10,284,142,0.606,286,145
/content/drive/MyDrive/mobilenetv3_step2/person_crops/train/fall062_person00.jpg,/content/drive/MyDrive/mobilenetv3_step2/fall_dataset/train/images/fall062.jpg,0.129874,0.180959,0.973952,0.925167,34,34,258,175,0.7341,242,155
/content/drive/MyDrive/mobilenetv3_step2/person_crops/train/fall063_person00.jpg,/content/drive/MyDrive/mobilenetv3_step2/fall_dataset/train/images/fall063.jpg,0.0,0.23149,0.874066,0.696554,0,43,232,132,0.712,244,97
/content/drive/MyDrive/mobilenetv3_step2/person_crops/train/fall064_person00.jpg,/content/drive/MyDrive/mobilenetv3_step2/fall_dataset/train/images/fall064.jpg,0.172593,0.137212,0.885788,0.722622,30,39,156,205,0.7062,139,184
/content/drive/MyDrive/mobilenetv3_step2/person_crops/train/fall065_person00.jpg,/content/drive/MyDrive/mobilenetv3_step2/fall_dataset/train/images/fall065.jpg,0.155965,0.31565,0.750675,0.931478,41,59,198,176,0.8122,173,128
/content/drive/MyDrive/mobilenetv3_step2/person_crops/train/fall065_person01.jpg,/content/drive/MyDrive/mobilenetv3_step2/fall_dataset/train/images/fall065.jpg,0.577848,0.0,0.729967,0.309491,153,0,193,58,0.6821,44,61
/content/drive/MyDrive/mobilenetv3_step2/person_crops/train/fall065_person02.jpg,/content/drive/MyDrive/mobilenetv3_step2/fall_dataset/train/images/fall065.jpg,0.203947,0.0,0.365307,0.295154,54,0,96,56,0.6472,47,58
/content/drive/MyDrive/mobilenetv3_step2/person_crops/train/fall066_person00.jpg,/content/drive/MyDrive/mobilenetv3_step2/fall_dataset/train/images/fall066.jpg,0.173209,0.100508,0.876687,0.73946,45,19,229,141,0.6862,202,135
/content/drive/MyDrive/mobilenetv3_step2/person_crops/train/fall067_person00.jpg,/content/drive/MyDrive/mobilenetv3_step2/fall_dataset/train/images/fall067.jpg,0.13896,0.19773,0.915755,0.857572,38,36,251,156,0.7336,235,132
/content/drive/MyDrive/mobilenetv3_step2/person_crops/train/fall068_person00.jpg,/content/drive/MyDrive/mobilenetv3_step2/fall_dataset/train/images/fall068.jpg,0.200278,0.0,0.908299,0.695661,53,0,240,132,0.643,207,138
/content/drive/MyDrive/mobilenetv3_step2/person_crops/train/fall069_person00.jpg,/content/drive/MyDrive/mobilenetv3_step2/fall_dataset/train/images/fall069.jpg,0.332754,0.0,0.538949,0.180902,88,0,142,34,0.7513,60,36
/content/drive/MyDrive/mobilenetv3_step2/person_crops/train/fall069_person01.jpg,/content/drive/MyDrive/mobilenetv3_step2/fall_dataset/train/images/fall069.jpg,0.0,0.0,0.150782,0.154552,0,0,39,29,0.7488,41,30
/content/drive/MyDrive/mobilenetv3_step2/person_crops/train/fall070_person00.jpg,/content/drive/MyDrive/mobilenetv3_step2/fall_dataset/train/images/fall070.jpg,0.335909,0.052732,0.980875,0.878319,86,10,252,172,0.7628,179,178
/content/drive/MyDrive/mobilenetv3_step2/person_crops/train/fall071_person00.jpg,/content/drive/MyDrive/mobilenetv3_step2/fall_dataset/train/images/fall071.jpg,0.289445,0.046283,0.988345,0.672142,76,8,261,127,0.7664,198,131
/content/drive/MyDrive/mobilenetv3_step2/person_crops/train/fall072_person00.jpg,/content/drive/MyDrive/mobilenetv3_step2/fall_dataset/train/images/fall072.jpg,0.021336,0.050617,0.999055,0.781473,4,12,200,196,0.7198,201,202
/content/drive/MyDrive/mobilenetv3_step2/person_crops/train/fall073_person00.jpg,/content/drive/MyDrive/mobilenetv3_step2/fall_dataset/train/images/fall073.jpg,0.256567,0.344884,0.664812,0.663817,74,60,192,116,0.6922,130,61
/content/drive/MyDrive/mobilenetv3_step2/person_crops/train/fall074_person00.jpg,/content/drive/MyDrive/mobilenetv3_step2/fall_dataset/train/images/fall074.jpg,0.020215,0.035125,0.952147,1.0,24,28,1142,800,0.6646,1198,800
/content/drive/MyDrive/mobilenetv3_step2/person_crops/train/fall075_person00.jpg,/content/drive/MyDrive/mobilenetv3_step2/fall_dataset/train/images/fall075.jpg,0.071065,0.14611,0.710165,0.800511,92,139,923,765,0.7282,914,688
/content/drive/MyDrive/mobilenetv3_step2/person_crops/train/fall076_person00.jpg,/content/drive/MyDrive/mobilenetv3_step2/fall_dataset/train/images/fall076.jpg,0.018995,0.062772,0.879198,1.0,11,25,527,400,0.6437,553,394
/content/drive/MyDrive/mobilenetv3_step2/person_crops/train/fall077_person00.jpg,/content/drive/MyDrive/mobilenetv3_step2/fall_dataset/train/images/fall077.jpg,0.147821,0.293579,0.762426,0.757624,192,281,991,725,0.6397,879,489
/content/drive/MyDrive/mobilenetv3_step2/person_crops/train/fall078_person00.jpg,/content/drive/MyDrive/mobilenetv3_step2/fall_dataset/train/images/fall078.jpg,0.056756,0.023373,0.891981,0.803474,15,4,236,152,0.7401,244,160
/content/drive/MyDrive/mobilenetv3_step2/person_crops/train/fall079_person00.jpg,/content/drive/MyDrive/mobilenetv3_step2/fall_dataset/train/images/fall079.jpg,0.189228,0.898229,0.50362,1.0,151,478,402,533,0.6146,277,57
/content/drive/MyDrive/mobilenetv3_step2/person_crops/train/fall079_person01.jpg,/content/drive/MyDrive/mobilenetv3_step2/fall_dataset/train/images/fall079.jpg,0.068996,0.105098,0.905498,1.0,55,56,724,533,0.5759,736,501
/content/drive/MyDrive/mobilenetv3_step2/person_crops/train/fall080_person00.jpg,/content/drive/MyDrive/mobilenetv3_step2/fall_dataset/train/images/fall080.jpg,0.087628,0.240113,0.66129,0.606838,34,67,257,169,0.6766,247,113
/content/drive/MyDrive/mobilenetv3_step2/person_crops/train/fall081_person00.jpg,/content/drive/MyDrive/mobilenetv3_step2/fall_dataset/train/images/fall081.jpg,0.452535,0.105327,0.985307,0.846886,588,100,1280,810,0.7278,747,780
/content/drive/MyDrive/mobilenetv3_step2/person_crops/train/fall082_person00.jpg,/content/drive/MyDrive/mobilenetv3_step2/fall_dataset/train/images/fall082.jpg,0.226699,0.120423,0.922127,0.845828,88,33,359,236,0.7453,299,223
/content/drive/MyDrive/mobilenetv3_step2/person_crops/train/fall083_person00.jpg,/content/drive/MyDrive/mobilenetv3_step2/fall_dataset/train/images/fall083.jpg,0.412905,0.011533,0.564743,0.3622,106,2,146,70,0.6884,44,73
/content/drive/MyDrive/mobilenetv3_step2/person_crops/train/fall083_person01.jpg,/content/drive/MyDrive/mobilenetv3_step2/fall_dataset/train/images/fall083.jpg,0.096273,0.530964,0.55636,1.0,24,103,144,194,0.6102,132,96
/content/drive/MyDrive/mobilenetv3_step2/person_crops/train/fall083_person02.jpg,/content/drive/MyDrive/mobilenetv3_step2/fall_dataset/train/images/fall083.jpg,0.30191,0.0,0.439183,0.348696,78,0,113,67,0.5665,39,71
/content/drive/MyDrive/mobilenetv3_step2/person_crops/train/fall084_person00.jpg,/content/drive/MyDrive/mobilenetv3_step2/fall_dataset/train/images/fall084.jpg,0.081513,0.143211,0.806274,0.948841,65,76,645,506,0.7904,638,474
/content/drive/MyDrive/mobilenetv3_step2/person_crops/train/fall085_person00.jpg,/content/drive/MyDrive/mobilenetv3_step2/fall_dataset/train/images/fall085.jpg,0.035146,0.049538,0.964997,0.982502,21,16,578,327,0.6576,600,333
/content/drive/MyDrive/mobilenetv3_step2/person_crops/train/fall086_person00.jpg,/content/drive/MyDrive/mobilenetv3_step2/fall_dataset/train/images/fall086.jpg,0.299774,0.430479,0.949372,0.746901,116,120,370,209,0.7081,278,97
/content/drive/MyDrive/mobilenetv3_step2/person_crops/train/fall087_person00.jpg,/content/drive/MyDrive/mobilenetv3_step2/fall_dataset/train/images/fall087.jpg,0.133465,0.234839,0.86322,0.852216,173,232,1122,842,0.6241,1043,672
/content/drive/MyDrive/mobilenetv3_step2/person_crops/train/fall088_person00.jpg,/content/drive/MyDrive/mobilenetv3_step2/fall_dataset/train/images/fall088.jpg,0.143884,0.047386,0.894268,0.953636,88,20,547,404,0.821,505,423
/content/drive/MyDrive/mobilenetv3_step2/person_crops/train/fall089_person00.jpg,/content/drive/MyDrive/mobilenetv3_step2/fall_dataset/train/images/fall089.jpg,0.08138,0.064038,0.957723,0.837818,24,10,284,142,0.606,286,145
/content/drive/MyDrive/mobilenetv3_step2/person_crops/train/fall090_person00.jpg,/content/drive/MyDrive/mobilenetv3_step2/fall_dataset/train/images/fall090.jpg,0.0,0.183236,0.792928,1.0,0,74,485,408,0.8061,509,350
/content/drive/MyDrive/mobilenetv3_step2/person_crops/train/fall091_person00.jpg,/content/drive/MyDrive/mobilenetv3_step2/fall_dataset/train/images/fall091.jpg,0.171826,0.212755,0.853036,0.687919,137,113,682,366,0.7838,599,279
/content/drive/MyDrive/mobilenetv3_step2/person_crops/train/fall092_person00.jpg,/content/drive/MyDrive/mobilenetv3_step2/fall_dataset/train/images/fall092.jpg,0.15123,0.106742,1.0,0.492685,92,43,611,201,0.7249,546,173
/content/drive/MyDrive/mobilenetv3_step2/person_crops/train/fall093_person00.jpg,/content/drive/MyDrive/mobilenetv3_step2/fall_dataset/train/images/fall093.jpg,0.350049,0.393254,1.0,0.89232,148,240,424,546,0.6181,290,336
/content/drive/MyDrive/mobilenetv3_step2/person_crops/train/fall095_person00.jpg,/content/drive/MyDrive/mobilenetv3_step2/fall_dataset/train/images/fall095.jpg,0.0,0.151309,0.936302,0.804254,0,27,257,147,0.6753,270,132
/content/drive/MyDrive/mobilenetv3_step2/person_crops/train/fall096_person00.jpg,/content/drive/MyDrive/mobilenetv3_step2/fall_dataset/train/images/fall096.jpg,0.095031,0.265339,0.826979,0.840774,26,48,227,153,0.6496,221,116
/content/drive/MyDrive/mobilenetv3_step2/person_crops/train/fall097_person00.jpg,/content/drive/MyDrive/mobilenetv3_step2/fall_dataset/train/images/fall097.jpg,0.048194,0.419114,0.981887,0.96358,13,76,270,176,0.6598,275,110
/content/drive/MyDrive/mobilenetv3_step2/person_crops/train/fall098_person00.jpg,/content/drive/MyDrive/mobilenetv3_step2/fall_dataset/train/images/fall098.jpg,0.190322,0.250889,0.902772,0.904227,34,68,165,248,0.8184,143,197
/content/drive/MyDrive/mobilenetv3_step2/person_crops/train/fall099_person00.jpg,/content/drive/MyDrive/mobilenetv3_step2/fall_dataset/train/images/fall099.jpg,0.066256,0.299378,0.963834,0.957666,17,55,261,178,0.6768,266,135
/content/drive/MyDrive/mobilenetv3_step2/person_crops/train/fall100_person00.jpg,/content/drive/MyDrive/mobilenetv3_step2/fall_dataset/train/images/fall100.jpg,0.267354,0.068771,0.810657,0.983941,160,30,486,442,0.7185,358,440
/content/drive/MyDrive/mobilenetv3_step2/person_crops/train/fall101_person00.jpg,/content/drive/MyDrive/mobilenetv3_step2/fall_dataset/train/images/fall101.jpg,0.146169,0.312432,0.789946,0.97193,93,109,505,342,0.7249,454,254
/content/drive/MyDrive/mobilenetv3_step2/person_crops/train/fall102_person00.jpg,/content/drive/MyDrive/mobilenetv3_step2/fall_dataset/train/images/fall102.jpg,0.134993,0.842026,0.647487,0.99756,86,404,414,478,0.6608,361,80
/content/drive/MyDrive/mobilenetv3_step2/person_crops/train/fall103_person00.jpg,/content/drive/MyDrive/mobilenetv3_step2/fall_dataset/train/images/fall103.jpg,0.225276,0.294121,0.893057,0.893727,144,103,571,314,0.6984,470,233
/content/drive/MyDrive/mobilenetv3_step2/person_crops/train/fall103_person01.jpg,/content/drive/MyDrive/mobilenetv3_step2/fall_dataset/train/images/fall103.jpg,0.805053,0.0,1.0,0.523446,515,0,640,184,0.6198,132,193
/content/drive/MyDrive/mobilenetv3_step2/person_crops/train/fall104_person00.jpg,/content/drive/MyDrive/mobilenetv3_step2/fall_dataset/train/images/fall104.jpg,0.273541,0.122434,0.814457,0.778214,175,43,521,273,0.6346,381,254
/content/drive/MyDrive/mobilenetv3_step2/person_crops/train/fall105_person00.jpg,/content/drive/MyDrive/mobilenetv3_step2/fall_dataset/train/images/fall105.jpg,0.143346,0.515823,0.93617,0.98742,91,181,599,347,0.8093,558,179
/content/drive/MyDrive/mobilenetv3_step2/person_crops/train/fall106_person00.jpg,/content/drive/MyDrive/mobilenetv3_step2/fall_dataset/train/images/fall106.jpg,0.157547,0.490802,0.506545,0.934902,100,172,324,329,0.7827,246,172
/content/drive/MyDrive/mobilenetv3_step2/person_crops/train/fall107_person00.jpg,/content/drive/MyDrive/mobilenetv3_step2/fall_dataset/train/images/fall107.jpg,0.03051,0.593917,0.927977,1.0,19,209,593,352,0.7423,622,151
/content/drive/MyDrive/mobilenetv3_step2/person_crops/train/fall108_person00.jpg,/content/drive/MyDrive/mobilenetv3_step2/fall_dataset/train/images/fall108.jpg,0.160373,0.48232,0.60193,0.969719,102,169,385,341,0.6749,311,188
/content/drive/MyDrive/mobilenetv3_step2/person_crops/train/fall109_person00.jpg,/content/drive/MyDrive/mobilenetv3_step2/fall_dataset/train/images/fall109.jpg,0.406017,0.522029,0.795427,1.0,259,183,509,352,0.7892,274,177
/content/drive/MyDrive/mobilenetv3_step2/person_crops/train/fall110_person00.jpg,/content/drive/MyDrive/mobilenetv3_step2/fall_dataset/train/images/fall110.jpg,0.147298,0.224496,0.725276,0.843116,94,79,464,296,0.6052,407,239
/content/drive/MyDrive/mobilenetv3_step2/person_crops/train/fall111_person00.jpg,/content/drive/MyDrive/mobilenetv3_step2/fall_dataset/train/images/fall111.jpg,0.155859,0.266813,0.78242,1.0,99,93,500,352,0.5769,441,271
/content/drive/MyDrive/mobilenetv3_step2/person_crops/train/fall112_person00.jpg,/content/drive/MyDrive/mobilenetv3_step2/fall_dataset/train/images/fall112.jpg,0.33496,0.428743,0.636739,0.860503,214,205,407,413,0.8448,213,228
/content/drive/MyDrive/mobilenetv3_step2/person_crops/train/fall112_person01.jpg,/content/drive/MyDrive/mobilenetv3_step2/fall_dataset/train/images/fall112.jpg,0.814954,0.185557,1.0,0.69705,521,89,640,334,0.7771,125,270
/content/drive/MyDrive/mobilenetv3_step2/person_crops/train/fall112_person02.jpg,/content/drive/MyDrive/mobilenetv3_step2/fall_dataset/train/images/fall112.jpg,0.034548,0.51181,0.180546,0.873532,22,245,115,419,0.5805,103,191
/content/drive/MyDrive/mobilenetv3_step2/person_crops/train/fall113_person00.jpg,/content/drive/MyDrive/mobilenetv3_step2/fall_dataset/train/images/fall113.jpg,0.081613,0.64223,0.703009,1.0,52,308,449,480,0.6692,437,181
/content/drive/MyDrive/mobilenetv3_step2/person_crops/train/fall114_person00.jpg,/content/drive/MyDrive/mobilenetv3_step2/fall_dataset/train/images/fall114.jpg,0.296299,0.370302,0.648474,0.963482,189,177,415,462,0.8655,248,313
/content/drive/MyDrive/mobilenetv3_step2/person_crops/train/fall114_person01.jpg,/content/drive/MyDrive/mobilenetv3_step2/fall_dataset/train/images/fall114.jpg,0.816256,0.186826,1.0,0.693627,522,89,640,332,0.7943,124,268
/content/drive/MyDrive/mobilenetv3_step2/person_crops/train/fall114_person02.jpg,/content/drive/MyDrive/mobilenetv3_step2/fall_dataset/train/images/fall114.jpg,0.032148,0.517935,0.169287,0.876087,20,248,108,420,0.5751,96,189
/content/drive/MyDrive/mobilenetv3_step2/person_crops/train/fall115_person00.jpg,/content/drive/MyDrive/mobilenetv3_step2/fall_dataset/train/images/fall115.jpg,0.311689,0.354443,0.639986,0.992435,199,170,409,476,0.8972,232,326
/content/drive/MyDrive/mobilenetv3_step2/person_crops/train/fall115_person01.jpg,/content/drive/MyDrive/mobilenetv3_step2/fall_dataset/train/images/fall115.jpg,0.809633,0.192854,1.0,0.689135,518,92,640,330,0.7691,128,262
/content/drive/MyDrive/mobilenetv3_step2/person_crops/train/fall115_person02.jpg,/content/drive/MyDrive/mobilenetv3_step2/fall_dataset/train/images/fall115.jpg,0.02973,0.517937,0.175147,0.88219,19,248,112,423,0.5773,102,193
/content/drive/MyDrive/mobilenetv3_step2/person_crops/train/fall116_person00.jpg,/content/drive/MyDrive/mobilenetv3_step2/fall_dataset/train/images/fall116.jpg,0.287652,0.481304,0.633153,0.962556,184,231,405,462,0.8655,243,254
/content/drive/MyDrive/mobilenetv3_step2/person_crops/train/fall116_person01.jpg,/content/drive/MyDrive/mobilenetv3_step2/fall_dataset/train/images/fall116.jpg,0.799645,0.20036,1.0,0.686437,511,96,640,329,0.7667,135,257
/content/drive/MyDrive/mobilenetv3_step2/person_crops/train/fall116_person02.jpg,/content/drive/MyDrive/mobilenetv3_step2/fall_dataset/train/images/fall116.jpg,0.025337,0.515067,0.183324,0.875337,16,247,117,420,0.565,111,190
/content/drive/MyDrive/mobilenetv3_step2/person_crops/train/fall117_person00.jpg,/content/drive/MyDrive/mobilenetv3_step2/fall_dataset/train/images/fall117.jpg,0.389326,0.499203,0.778833,1.0,249,239,498,480,0.8585,274,253
/content/drive/MyDrive/mobilenetv3_step2/person_crops/train/fall117_person01.jpg,/content/drive/MyDrive/mobilenetv3_step2/fall_dataset/train/images/fall117.jpg,0.203834,0.587867,0.305164,0.861461,130,282,195,413,0.5659,71,145
/content/drive/MyDrive/mobilenetv3_step2/person_crops/train/fall118_person00.jpg,/content/drive/MyDrive/mobilenetv3_step2/fall_dataset/train/images/fall118.jpg,0.325886,0.643676,0.770465,1.0,208,308,493,480,0.8872,313,180
/content/drive/MyDrive/mobilenetv3_step2/person_crops/train/fall118_person01.jpg,/content/drive/MyDrive/mobilenetv3_step2/fall_dataset/train/images/fall118.jpg,0.746979,0.757784,1.0,1.0,478,363,640,480,0.5965,171,123
/content/drive/MyDrive/mobilenetv3_step2/person_crops/train/fall119_person00.jpg,/content/drive/MyDrive/mobilenetv3_step2/fall_dataset/train/images/fall119.jpg,0.844495,0.200101,1.0,0.699583,540,96,640,335,0.8001,105,263
/content/drive/MyDrive/mobilenetv3_step2/person_crops/train/fall119_person01.jpg,/content/drive/MyDrive/mobilenetv3_step2/fall_dataset/train/images/fall119.jpg,0.404676,0.412108,0.638197,0.714472,258,197,408,342,0.6364,164,160
/content/drive/MyDrive/mobilenetv3_step2/person_crops/train/fall119_person02.jpg,/content/drive/MyDrive/mobilenetv3_step2/fall_dataset/train/images/fall119.jpg,0.033893,0.519505,0.175095,0.872337,21,249,112,418,0.5865,99,187
/content/drive/MyDrive/mobilenetv3_step2/person_crops/train/fall120_person00.jpg,/content/drive/MyDrive/mobilenetv3_step2/fall_dataset/train/images/fall120.jpg,0.844878,0.199623,1.0,0.697836,540,95,640,334,0.8198,105,263
/content/drive/MyDrive/mobilenetv3_step2/person_crops/train/fall120_person01.jpg,/content/drive/MyDrive/mobilenetv3_step2/fall_dataset/train/images/fall120.jpg,0.388155,0.448143,0.68747,0.832211,248,215,439,399,0.6463,211,203
/content/drive/MyDrive/mobilenetv3_step2/person_crops/train/fall120_person02.jpg,/content/drive/MyDrive/mobilenetv3_step2/fall_dataset/train/images/fall120.jpg,0.030226,0.515531,0.168663,0.879596,19,247,107,422,0.5648,98,192
/content/drive/MyDrive/mobilenetv3_step2/person_crops/train/fall121_person00.jpg,/content/drive/MyDrive/mobilenetv3_step2/fall_dataset/train/images/fall121.jpg,0.33645,0.478227,0.660269,0.887224,215,229,422,425,0.8261,228,216
/content/drive/MyDrive/mobilenetv3_step2/person_crops/train/fall121_person01.jpg,/content/drive/MyDrive/mobilenetv3_step2/fall_dataset/train/images/fall121.jpg,0.824154,0.184753,1.0,0.665845,527,88,640,319,0.7594,119,254
/content/drive/MyDrive/mobilenetv3_step2/person_crops/train/fall121_person02.jpg,/content/drive/MyDrive/mobilenetv3_step2/fall_dataset/train/images/fall121.jpg,0.031675,0.511821,0.168731,0.87469,20,245,107,419,0.563,97,192
/content/drive/MyDrive/mobilenetv3_step2/person_crops/train/fall122_person00.jpg,/content/drive/MyDrive/mobilenetv3_step2/fall_dataset/train/images/fall122.jpg,0.178944,0.784727,0.816751,1.0,114,376,522,480,0.7099,449,109
/content/drive/MyDrive/mobilenetv3_step2/person_crops/train/fall122_person01.jpg,/content/drive/MyDrive/mobilenetv3_step2/fall_dataset/train/images/fall122.jpg,0.282892,0.846433,0.768061,0.995171,181,406,491,477,0.6573,342,78
/content/drive/MyDrive/mobilenetv3_step2/person_crops/train/fall123_person00.jpg,/content/drive/MyDrive/mobilenetv3_step2/fall_dataset/train/images/fall123.jpg,0.844988,0.199472,1.0,0.699678,540,95,640,335,0.8189,105,264
/content/drive/MyDrive/mobilenetv3_step2/person_crops/train/fall123_person01.jpg,/content/drive/MyDrive/mobilenetv3_step2/fall_dataset/train/images/fall123.jpg,0.39721,0.555682,0.631372,0.975768,254,266,404,468,0.6869,165,222
/content/drive/MyDrive/mobilenetv3_step2/person_crops/train/fall123_person02.jpg,/content/drive/MyDrive/mobilenetv3_step2/fall_dataset/train/images/fall123.jpg,0.029921,0.511602,0.180254,0.874974,19,245,115,419,0.5667,106,192
/content/drive/MyDrive/mobilenetv3_step2/person_crops/train/fall124_person00.jpg,/content/drive/MyDrive/mobilenetv3_step2/fall_dataset/train/images/fall124.jpg,0.278257,0.736598,0.764914,1.0,178,353,489,480,0.8749,343,133
/content/drive/MyDrive/mobilenetv3_step2/person_crops/train/fall125_person00.jpg,/content/drive/MyDrive/mobilenetv3_step2/fall_dataset/train/images/fall125.jpg,0.169078,0.830142,0.678542,0.997457,108,398,434,478,0.6178,359,86
/content/drive/MyDrive/mobilenetv3_step2/person_crops/train/fall126_person00.jpg,/content/drive/MyDrive/mobilenetv3_step2/fall_dataset/train/images/fall126.jpg,0.345885,0.296977,0.630318,0.891478,221,142,403,427,0.9001,200,314
/content/drive/MyDrive/mobilenetv3_step2/person_crops/train/fall127_person00.jpg,/content/drive/MyDrive/mobilenetv3_step2/fall_dataset/train/images/fall127.jpg,0.209204,0.499096,0.630455,1.0,133,239,403,480,0.895,296,253
/content/drive/MyDrive/mobilenetv3_step2/person_crops/train/fall128_person00.jpg,/content/drive/MyDrive/mobilenetv3_step2/fall_dataset/train/images/fall128.jpg,0.205307,0.647255,0.634735,1.0,131,310,406,480,0.6489,302,178
/content/drive/MyDrive/mobilenetv3_step2/person_crops/train/fall129_person00.jpg,/content/drive/MyDrive/mobilenetv3_step2/fall_dataset/train/images/fall129.jpg,0.291005,0.713757,0.73425,1.0,186,342,469,480,0.7099,312,145
/content/drive/MyDrive/mobilenetv3_step2/person_crops/train/fall130_person00.jpg,/content/drive/MyDrive/mobilenetv3_step2/fall_dataset/train/images/fall130.jpg,0.29589,0.066837,0.584396,0.713736,189,32,374,342,0.6637,203,342
/content/drive/MyDrive/mobilenetv3_step2/person_crops/train/fall131_person00.jpg,/content/drive/MyDrive/mobilenetv3_step2/fall_dataset/train/images/fall131.jpg,0.293844,0.186694,0.649437,0.948658,188,89,415,455,0.6592,251,402
/content/drive/MyDrive/mobilenetv3_step2/person_crops/train/fall132_person00.jpg,/content/drive/MyDrive/mobilenetv3_step2/fall_dataset/train/images/fall132.jpg,0.258199,0.835099,0.759667,1.0,165,400,486,480,0.5985,353,84
/content/drive/MyDrive/mobilenetv3_step2/person_crops/train/fall133_person00.jpg,/content/drive/MyDrive/mobilenetv3_step2/fall_dataset/train/images/fall133.jpg,0.136909,0.74906,0.754802,0.993471,87,359,483,476,0.6633,435,127
/content/drive/MyDrive/mobilenetv3_step2/person_crops/train/fall134_person00.jpg,/content/drive/MyDrive/mobilenetv3_step2/fall_dataset/train/images/fall134.jpg,0.189136,0.34297,0.806651,0.742491,121,164,516,356,0.7504,435,210
/content/drive/MyDrive/mobilenetv3_step2/person_crops/train/fall135_person00.jpg,/content/drive/MyDrive/mobilenetv3_step2/fall_dataset/train/images/fall135.jpg,0.158507,0.354263,0.759913,0.835936,101,170,486,401,0.7624,423,254
/content/drive/MyDrive/mobilenetv3_step2/person_crops/train/fall136_person00.jpg,/content/drive/MyDrive/mobilenetv3_step2/fall_dataset/train/images/fall136.jpg,0.327984,0.496083,0.724379,1.0,209,238,463,480,0.8299,279,254
/content/drive/MyDrive/mobilenetv3_step2/person_crops/train/fall137_person00.jpg,/content/drive/MyDrive/mobilenetv3_step2/fall_dataset/train/images/fall137.jpg,0.226119,0.705831,0.709363,0.991296,144,338,453,475,0.6009,340,149
/content/drive/MyDrive/mobilenetv3_step2/person_crops/train/fall137_person01.jpg,/content/drive/MyDrive/mobilenetv3_step2/fall_dataset/train/images/fall137.jpg,0.084038,0.658719,0.813545,1.0,53,316,520,480,0.5659,514,173
/content/drive/MyDrive/mobilenetv3_step2/person_crops/train/fall138_person00.jpg,/content/drive/MyDrive/mobilenetv3_step2/fall_dataset/train/images/fall138.jpg,0.209849,0.154127,0.667917,0.758811,134,73,427,364,0.9353,323,319
/content/drive/MyDrive/mobilenetv3_step2/person_crops/train/fall139_person00.jpg,/content/drive/MyDrive/mobilenetv3_step2/fall_dataset/train/images/fall139.jpg,0.12591,0.088956,0.767188,0.821731,80,42,491,394,0.7238,451,387
/content/drive/MyDrive/mobilenetv3_step2/person_crops/train/fall140_person00.jpg,/content/drive/MyDrive/mobilenetv3_step2/fall_dataset/train/images/fall140.jpg,0.159644,0.586175,0.791563,1.0,102,281,506,480,0.686,445,209
/content/drive/MyDrive/mobilenetv3_step2/person_crops/train/fall141_person00.jpg,/content/drive/MyDrive/mobilenetv3_step2/fall_dataset/train/images/fall141.jpg,0.202292,0.695282,0.66564,0.981383,129,333,426,471,0.6242,326,151
/content/drive/MyDrive/mobilenetv3_step2/person_crops/train/fall142_person00.jpg,/content/drive/MyDrive/mobilenetv3_step2/fall_dataset/train/images/fall142.jpg,0.205415,0.39167,0.734202,0.794345,131,188,469,381,0.7889,372,212
/content/drive/MyDrive/mobilenetv3_step2/person_crops/train/fall143_person00.jpg,/content/drive/MyDrive/mobilenetv3_step2/fall_dataset/train/images/fall143.jpg,0.251096,0.83858,0.737087,0.999519,160,402,471,479,0.6138,342,82
/content/drive/MyDrive/mobilenetv3_step2/person_crops/train/fall143_person01.jpg,/content/drive/MyDrive/mobilenetv3_step2/fall_dataset/train/images/fall143.jpg,0.745767,0.76389,1.0,1.0,477,366,640,480,0.5777,171,119
/content/drive/MyDrive/mobilenetv3_step2/person_crops/train/fall143_person02.jpg,/content/drive/MyDrive/mobilenetv3_step2/fall_dataset/train/images/fall143.jpg,0.093489,0.792294,0.575451,0.990853,59,380,368,475,0.5631,339,105
/content/drive/MyDrive/mobilenetv3_step2/person_crops/train/fall144_person00.jpg,/content/drive/MyDrive/mobilenetv3_step2/fall_dataset/train/images/fall144.jpg,0.116559,0.431474,0.659931,0.880375,74,207,422,422,0.7765,382,237
/content/drive/MyDrive/mobilenetv3_step2/person_crops/train/fall145_person00.jpg,/content/drive/MyDrive/mobilenetv3_step2/fall_dataset/train/images/fall145.jpg,0.289635,0.649746,0.733123,1.0,185,311,469,480,0.7576,312,177
/content/drive/MyDrive/mobilenetv3_step2/person_crops/train/fall146_person00.jpg,/content/drive/MyDrive/mobilenetv3_step2/fall_dataset/train/images/fall146.jpg,0.171581,0.590216,0.783948,1.0,109,283,501,480,0.7379,431,207
/content/drive/MyDrive/mobilenetv3_step2/person_crops/train/fall147_person00.jpg,/content/drive/MyDrive/mobilenetv3_step2/fall_dataset/train/images/fall147.jpg,0.245418,0.734846,0.787551,1.0,157,352,504,480,0.6226,382,134
/content/drive/MyDrive/mobilenetv3_step2/person_crops/train/fall148_person00.jpg,/content/drive/MyDrive/mobilenetv3_step2/fall_dataset/train/images/fall148.jpg,0.289883,0.0,0.715564,0.655926,185,0,457,314,0.6136,300,330
/content/drive/MyDrive/mobilenetv3_step2/person_crops/train/fall148_person01.jpg,/content/drive/MyDrive/mobilenetv3_step2/fall_dataset/train/images/fall148.jpg,0.0,0.197822,0.299534,0.600604,0,94,191,288,0.5806,201,212
/content/drive/MyDrive/mobilenetv3_step2/person_crops/train/fall149_person00.jpg,/content/drive/MyDrive/mobilenetv3_step2/fall_dataset/train/images/fall149.jpg,0.274488,0.098845,0.701842,0.808215,175,47,449,387,0.8206,301,374
/content/drive/MyDrive/mobilenetv3_step2/person_crops/train/fall150_person00.jpg,/content/drive/MyDrive/mobilenetv3_step2/fall_dataset/train/images/fall150.jpg,0.27779,0.187933,0.664394,0.907735,177,90,425,435,0.8446,272,380
/content/drive/MyDrive/mobilenetv3_step2/person_crops/train/fall151_person00.jpg,/content/drive/MyDrive/mobilenetv3_step2/fall_dataset/train/images/fall151.jpg,0.293521,0.437439,0.825599,1.0,187,209,528,480,0.8075,375,284
/content/drive/MyDrive/mobilenetv3_step2/person_crops/train/fall152_person00.jpg,/content/drive/MyDrive/mobilenetv3_step2/fall_dataset/train/images/fall152.jpg,0.21951,0.590867,0.648259,0.956783,140,283,414,459,0.7838,302,194
/content/drive/MyDrive/mobilenetv3_step2/person_crops/train/fall153_person00.jpg,/content/drive/MyDrive/mobilenetv3_step2/fall_dataset/train/images/fall153.jpg,0.204131,0.649874,0.684368,1.0,130,311,437,480,0.8422,338,177
/content/drive/MyDrive/mobilenetv3_step2/person_crops/train/fall154_person00.jpg,/content/drive/MyDrive/mobilenetv3_step2/fall_dataset/train/images/fall154.jpg,0.338612,0.447691,0.636287,0.843621,216,214,407,404,0.7907,209,209
/content/drive/MyDrive/mobilenetv3_step2/person_crops/train/fall154_person01.jpg,/content/drive/MyDrive/mobilenetv3_step2/fall_dataset/train/images/fall154.jpg,0.821065,0.178831,1.0,0.666962,525,85,640,320,0.7593,121,257
/content/drive/MyDrive/mobilenetv3_step2/person_crops/train/fall155_person00.jpg,/content/drive/MyDrive/mobilenetv3_step2/fall_dataset/train/images/fall155.jpg,0.234487,0.274017,0.719191,0.726863,150,131,460,348,0.8863,341,239
/content/drive/MyDrive/mobilenetv3_step2/person_crops/train/fall156_person00.jpg,/content/drive/MyDrive/mobilenetv3_step2/fall_dataset/train/images/fall156.jpg,0.196117,0.093018,0.663858,0.714389,125,44,424,342,0.8819,329,328
/content/drive/MyDrive/mobilenetv3_step2/person_crops/train/fall157_person00.jpg,/content/drive/MyDrive/mobilenetv3_step2/fall_dataset/train/images/fall157.jpg,0.197704,0.184023,0.656886,0.763903,126,88,420,366,0.9137,324,306
/content/drive/MyDrive/mobilenetv3_step2/person_crops/train/fall158_person00.jpg,/content/drive/MyDrive/mobilenetv3_step2/fall_dataset/train/images/fall158.jpg,0.182419,0.557871,0.615337,1.0,116,267,393,480,0.7899,305,223
/content/drive/MyDrive/mobilenetv3_step2/person_crops/train/fall159_person00.jpg,/content/drive/MyDrive/mobilenetv3_step2/fall_dataset/train/images/fall159.jpg,0.107592,0.479172,0.677686,1.0,68,230,433,480,0.8117,401,263
/content/drive/MyDrive/mobilenetv3_step2/person_crops/train/fall160_person00.jpg,/content/drive/MyDrive/mobilenetv3_step2/fall_dataset/train/images/fall160.jpg,0.125538,0.60631,0.706267,1.0,80,291,452,480,0.862,409,199
/content/drive/MyDrive/mobilenetv3_step2/person_crops/train/fall161_person00.jpg,/content/drive/MyDrive/mobilenetv3_step2/fall_dataset/train/images/fall161.jpg,0.163389,0.693627,0.801428,1.0,104,332,512,480,0.6211,449,155
/content/drive/MyDrive/mobilenetv3_step2/person_crops/train/fall162_person00.jpg,/content/drive/MyDrive/mobilenetv3_step2/fall_dataset/train/images/fall162.jpg,0.210369,0.149558,0.618836,0.79396,134,71,396,381,0.8488,288,340
/content/drive/MyDrive/mobilenetv3_step2/person_crops/train/fall163_person00.jpg,/content/drive/MyDrive/mobilenetv3_step2/fall_dataset/train/images/fall163.jpg,0.226552,0.34715,0.687292,0.906778,144,166,439,435,0.8981,324,295
/content/drive/MyDrive/mobilenetv3_step2/person_crops/train/fall164_person00.jpg,/content/drive/MyDrive/mobilenetv3_step2/fall_dataset/train/images/fall164.jpg,0.181349,0.576375,0.780431,1.0,116,276,499,480,0.774,422,214
/content/drive/MyDrive/mobilenetv3_step2/person_crops/train/fall164_person01.jpg,/content/drive/MyDrive/mobilenetv3_step2/fall_dataset/train/images/fall164.jpg,0.0,0.648267,0.231518,1.0,0,311,148,480,0.5813,155,178
/content/drive/MyDrive/mobilenetv3_step2/person_crops/train/fall165_person00.jpg,/content/drive/MyDrive/mobilenetv3_step2/fall_dataset/train/images/fall165.jpg,0.335048,0.416559,0.660338,0.860626,214,199,422,413,0.8464,229,234
/content/drive/MyDrive/mobilenetv3_step2/person_crops/train/fall165_person01.jpg,/content/drive/MyDrive/mobilenetv3_step2/fall_dataset/train/images/fall165.jpg,0.821917,0.177433,1.0,0.684715,526,85,640,328,0.789,120,268
/content/drive/MyDrive/mobilenetv3_step2/person_crops/train/fall166_person00.jpg,/content/drive/MyDrive/mobilenetv3_step2/fall_dataset/train/images/fall166.jpg,0.103177,0.701569,0.704933,0.984714,66,336,451,472,0.7208,424,150
/content/drive/MyDrive/mobilenetv3_step2/person_crops/train/fall167_person00.jpg,/content/drive/MyDrive/mobilenetv3_step2/fall_dataset/train/images/fall167.jpg,0.240861,0.28567,0.757803,0.718936,154,137,484,345,0.8075,364,229
/content/drive/MyDrive/mobilenetv3_step2/person_crops/train/fall168_person00.jpg,/content/drive/MyDrive/mobilenetv3_step2/fall_dataset/train/images/fall168.jpg,0.271348,0.411253,0.707143,0.997794,173,197,452,478,0.7634,307,297
/content/drive/MyDrive/mobilenetv3_step2/person_crops/train/fall169_person00.jpg,/content/drive/MyDrive/mobilenetv3_step2/fall_dataset/train/images/fall169.jpg,0.081776,0.565259,0.664765,1.0,52,271,425,480,0.6983,411,220
/content/drive/MyDrive/mobilenetv3_step2/person_crops/train/fall170_person00.jpg,/content/drive/MyDrive/mobilenetv3_step2/fall_dataset/train/images/fall170.jpg,0.0,0.542165,0.579873,1.0,0,260,371,480,0.727,389,231
/content/drive/MyDrive/mobilenetv3_step2/person_crops/train/fall172_person00.jpg,/content/drive/MyDrive/mobilenetv3_step2/fall_dataset/train/images/fall172.jpg,0.18013,0.34433,0.611203,0.855244,115,165,391,410,0.8385,303,269
/content/drive/MyDrive/mobilenetv3_step2/person_crops/train/fall173_person00.jpg,/content/drive/MyDrive/mobilenetv3_step2/fall_dataset/train/images/fall173.jpg,0.242508,0.192172,0.756785,0.75609,155,92,484,362,0.8276,362,298
/content/drive/MyDrive/mobilenetv3_step2/person_crops/train/fall174_person00.jpg,/content/drive/MyDrive/mobilenetv3_step2/fall_dataset/train/images/fall174.jpg,0.229972,0.296142,0.743778,0.89749,147,142,476,430,0.8465,362,318
/content/drive/MyDrive/mobilenetv3_step2/person_crops/train/fall175_person00.jpg,/content/drive/MyDrive/mobilenetv3_step2/fall_dataset/train/images/fall175.jpg,0.239444,0.141515,0.783739,0.726653,153,67,501,348,0.8247,384,309
/content/drive/MyDrive/mobilenetv3_step2/person_crops/train/fall176_person00.jpg,/content/drive/MyDrive/mobilenetv3_step2/fall_dataset/train/images/fall176.jpg,0.839304,0.189668,1.0,0.70043,537,91,640,336,0.8289,108,270
/content/drive/MyDrive/mobilenetv3_step2/person_crops/train/fall176_person01.jpg,/content/drive/MyDrive/mobilenetv3_step2/fall_dataset/train/images/fall176.jpg,0.386754,0.448153,0.610344,0.80366,247,215,390,385,0.7957,157,188
/content/drive/MyDrive/mobilenetv3_step2/person_crops/train/fall176_person02.jpg,/content/drive/MyDrive/mobilenetv3_step2/fall_dataset/train/images/fall176.jpg,0.032978,0.50616,0.191258,0.876945,21,242,122,420,0.5609,111,195
/content/drive/MyDrive/mobilenetv3_step2/person_crops/train/fall177_person00.jpg,/content/drive/MyDrive/mobilenetv3_step2/fall_dataset/train/images/fall177.jpg,0.253078,0.026476,0.749634,0.680938,161,12,479,326,0.6721,349,342
/content/drive/MyDrive/mobilenetv3_step2/person_crops/train/fall178_person00.jpg,/content/drive/MyDrive/mobilenetv3_step2/fall_dataset/train/images/fall178.jpg,0.242932,0.604734,0.864212,1.0,155,290,553,480,0.615,437,200
/content/drive/MyDrive/mobilenetv3_step2/person_crops/train/fall179_person00.jpg,/content/drive/MyDrive/mobilenetv3_step2/fall_dataset/train/images/fall179.jpg,0.1922,0.548229,0.80955,1.0,123,263,518,480,0.7096,434,228
/content/drive/MyDrive/mobilenetv3_step2/person_crops/train/fall179_person01.jpg,/content/drive/MyDrive/mobilenetv3_step2/fall_dataset/train/images/fall179.jpg,0.0,0.645602,0.202155,1.0,0,309,129,480,0.5625,135,179
/content/drive/MyDrive/mobilenetv3_step2/person_crops/train/fall180_person00.jpg,/content/drive/MyDrive/mobilenetv3_step2/fall_dataset/train/images/fall180.jpg,0.238568,0.172504,0.801374,0.733416,152,82,512,352,0.8076,396,296
/content/drive/MyDrive/mobilenetv3_step2/person_crops/train/fall181_person00.jpg,/content/drive/MyDrive/mobilenetv3_step2/fall_dataset/train/images/fall181.jpg,0.284295,0.572006,0.641599,1.0,181,274,410,480,0.8314,252,216
/content/drive/MyDrive/mobilenetv3_step2/person_crops/train/fall181_person01.jpg,/content/drive/MyDrive/mobilenetv3_step2/fall_dataset/train/images/fall181.jpg,0.052447,0.389343,0.253966,0.670505,33,186,162,321,0.648,141,148
/content/drive/MyDrive/mobilenetv3_step2/person_crops/train/fall182_person00.jpg,/content/drive/MyDrive/mobilenetv3_step2/fall_dataset/train/images/fall182.jpg,0.283223,0.0,0.593946,0.712006,181,0,380,341,0.6525,219,358
/content/drive/MyDrive/mobilenetv3_step2/person_crops/train/fall183_person00.jpg,/content/drive/MyDrive/mobilenetv3_step2/fall_dataset/train/images/fall183.jpg,0.294838,0.117983,0.560906,0.77695,188,56,358,372,0.5845,187,348
/content/drive/MyDrive/mobilenetv3_step2/person_crops/train/fall184_person00.jpg,/content/drive/MyDrive/mobilenetv3_step2/fall_dataset/train/images/fall184.jpg,0.051676,0.397541,0.250796,0.652676,33,190,160,313,0.7162,140,135
/content/drive/MyDrive/mobilenetv3_step2/person_crops/train/fall184_person01.jpg,/content/drive/MyDrive/mobilenetv3_step2/fall_dataset/train/images/fall184.jpg,0.283128,0.565027,0.871794,1.0,181,271,557,480,0.6306,414,220
/content/drive/MyDrive/mobilenetv3_step2/person_crops/train/fall185_person00.jpg,/content/drive/MyDrive/mobilenetv3_step2/fall_dataset/train/images/fall185.jpg,0.203468,0.742788,0.792336,1.0,130,356,507,480,0.6963,414,130
/content/drive/MyDrive/mobilenetv3_step2/person_crops/train/fall185_person01.jpg,/content/drive/MyDrive/mobilenetv3_step2/fall_dataset/train/images/fall185.jpg,0.049426,0.395161,0.251893,0.654168,31,189,161,314,0.6735,142,137
/content/drive/MyDrive/mobilenetv3_step2/person_crops/train/fall186_person00.jpg,/content/drive/MyDrive/mobilenetv3_step2/fall_dataset/train/images/fall186.jpg,0.134127,0.123606,0.779716,0.647483,85,59,499,310,0.7446,454,277
/content/drive/MyDrive/mobilenetv3_step2/person_crops/train/fall187_person00.jpg,/content/drive/MyDrive/mobilenetv3_step2/fall_dataset/train/images/fall187.jpg,0.13514,0.724364,0.803452,1.0,86,347,514,480,0.6413,470,139
/content/drive/MyDrive/mobilenetv3_step2/person_crops/train/fall187_person01.jpg,/content/drive/MyDrive/mobilenetv3_step2/fall_dataset/train/images/fall187.jpg,0.747366,0.753771,1.0,1.0,478,361,640,480,0.5725,170,125
/content/drive/MyDrive/mobilenetv3_step2/person_crops/train/fall188_person00.jpg,/content/drive/MyDrive/mobilenetv3_step2/fall_dataset/train/images/fall188.jpg,0.481981,0.650267,0.831874,1.0,308,312,532,480,0.6253,246,177
/content/drive/MyDrive/mobilenetv3_step2/person_crops/train/fall188_person01.jpg,/content/drive/MyDrive/mobilenetv3_step2/fall_dataset/train/images/fall188.jpg,0.140007,0.645115,0.404849,0.963899,89,309,259,462,0.5647,186,168
/content/drive/MyDrive/mobilenetv3_step2/person_crops/train/fall189_person00.jpg,/content/drive/MyDrive/mobilenetv3_step2/fall_dataset/train/images/fall189.jpg,0.460355,0.673709,0.831482,1.0,294,323,532,480,0.6158,262,165
/content/drive/MyDrive/mobilenetv3_step2/person_crops/train/fall189_person01.jpg,/content/drive/MyDrive/mobilenetv3_step2/fall_dataset/train/images/fall189.jpg,0.145504,0.639325,0.411932,0.965406,93,306,263,463,0.5601,188,172
/content/drive/MyDrive/mobilenetv3_step2/person_crops/train/fall190_person00.jpg,/content/drive/MyDrive/mobilenetv3_step2/fall_dataset/train/images/fall190.jpg,0.444892,0.0,0.786195,0.702581,284,0,503,337,0.7123,241,354
/content/drive/MyDrive/mobilenetv3_step2/person_crops/train/fall190_person01.jpg,/content/drive/MyDrive/mobilenetv3_step2/fall_dataset/train/images/fall190.jpg,0.836811,0.872549,1.0,1.0,535,418,640,480,0.6238,110,65
/content/drive/MyDrive/mobilenetv3_step2/person_crops/train/fall190_person02.jpg,/content/drive/MyDrive/mobilenetv3_step2/fall_dataset/train/images/fall190.jpg,0.035243,0.0,0.411491,0.326909,22,0,263,156,0.5515,265,164
/content/drive/MyDrive/mobilenetv3_step2/person_crops/train/fall191_person00.jpg,/content/drive/MyDrive/mobilenetv3_step2/fall_dataset/train/images/fall191.jpg,0.358934,0.039541,0.648889,0.790229,229,18,415,379,0.6857,204,397
/content/drive/MyDrive/mobilenetv3_step2/person_crops/train/fall191_person01.jpg,/content/drive/MyDrive/mobilenetv3_step2/fall_dataset/train/images/fall191.jpg,0.823836,0.879958,1.0,1.0,527,422,640,480,0.6314,119,61
/content/drive/MyDrive/mobilenetv3_step2/person_crops/train/fall191_person02.jpg,/content/drive/MyDrive/mobilenetv3_step2/fall_dataset/train/images/fall191.jpg,0.013598,0.630747,0.366395,1.0,8,302,234,480,0.5564,245,187
/content/drive/MyDrive/mobilenetv3_step2/person_crops/train/fall192_person00.jpg,/content/drive/MyDrive/mobilenetv3_step2/fall_dataset/train/images/fall192.jpg,0.371128,0.515473,0.674628,0.994756,237,247,431,477,0.7598,214,245
/content/drive/MyDrive/mobilenetv3_step2/person_crops/train/fall193_person00.jpg,/content/drive/MyDrive/mobilenetv3_step2/fall_dataset/train/images/fall193.jpg,0.161265,0.508916,0.870743,0.956514,103,179,557,336,0.7373,499,173
/content/drive/MyDrive/mobilenetv3_step2/person_crops/train/fall194_person00.jpg,/content/drive/MyDrive/mobilenetv3_step2/fall_dataset/train/images/fall194.jpg,0.427804,0.506182,0.848402,0.972312,273,178,542,342,0.6932,296,181
/content/drive/MyDrive/mobilenetv3_step2/person_crops/train/fall195_person00.jpg,/content/drive/MyDrive/mobilenetv3_step2/fall_dataset/train/images/fall195.jpg,0.247567,0.399613,0.783181,1.0,158,191,501,480,0.8001,377,303
/content/drive/MyDrive/mobilenetv3_step2/person_crops/train/fall196_person00.jpg,/content/drive/MyDrive/mobilenetv3_step2/fall_dataset/train/images/fall196.jpg,0.02299,0.626188,0.362345,1.0,14,300,231,480,0.5778,239,189
/content/drive/MyDrive/mobilenetv3_step2/person_crops/train/fall197_person00.jpg,/content/drive/MyDrive/mobilenetv3_step2/fall_dataset/train/images/fall197.jpg,0.252796,0.355465,0.730055,0.822248,161,170,467,394,0.8425,336,246
/content/drive/MyDrive/mobilenetv3_step2/person_crops/train/fall198_person00.jpg,/content/drive/MyDrive/mobilenetv3_step2/fall_dataset/train/images/fall198.jpg,0.835968,0.188368,1.0,0.702245,535,90,640,337,0.843,111,271
/content/drive/MyDrive/mobilenetv3_step2/person_crops/train/fall198_person01.jpg,/content/drive/MyDrive/mobilenetv3_step2/fall_dataset/train/images/fall198.jpg,0.35419,0.462613,0.628222,0.835921,226,222,402,401,0.8065,193,197
/content/drive/MyDrive/mobilenetv3_step2/person_crops/train/fall198_person02.jpg,/content/drive/MyDrive/mobilenetv3_step2/fall_dataset/train/images/fall198.jpg,0.02534,0.512412,0.189408,0.884025,16,245,121,424,0.5607,116,196
/content/drive/MyDrive/mobilenetv3_step2/person_crops/train/fall199_person00.jpg,/content/drive/MyDrive/mobilenetv3_step2/fall_dataset/train/images/fall199.jpg,0.332144,0.656266,0.702955,1.0,212,315,449,480,0.7684,261,174
/content/drive/MyDrive/mobilenetv3_step2/person_crops/train/fall200_person00.jpg,/content/drive/MyDrive/mobilenetv3_step2/fall_dataset/train/images/fall200.jpg,0.298957,0.763211,0.686999,1.0,191,366,439,480,0.7055,274,120
/content/drive/MyDrive/mobilenetv3_step2/person_crops/train/fall201_person00.jpg,/content/drive/MyDrive/mobilenetv3_step2/fall_dataset/train/images/fall201.jpg,0.027448,0.0,0.407128,0.328598,17,0,260,157,0.5985,267,165
/content/drive/MyDrive/mobilenetv3_step2/person_crops/train/fall201_person01.jpg,/content/drive/MyDrive/mobilenetv3_step2/fall_dataset/train/images/fall201.jpg,0.006134,0.63966,0.35676,1.0,3,307,228,480,0.5932,239,182
/content/drive/MyDrive/mobilenetv3_step2/person_crops/train/fall201_person02.jpg,/content/drive/MyDrive/mobilenetv3_step2/fall_dataset/train/images/fall201.jpg,0.376808,0.130247,0.612625,0.763824,241,62,392,366,0.5511,166,334
/content/drive/MyDrive/mobilenetv3_step2/person_crops/train/fall202_person00.jpg,/content/drive/MyDrive/mobilenetv3_step2/fall_dataset/train/images/fall202.jpg,0.094966,0.167407,0.682337,0.611562,47,80,341,295,0.6772,323,236
/content/drive/MyDrive/mobilenetv3_step2/person_crops/train/fall203_person00.jpg,/content/drive/MyDrive/mobilenetv3_step2/fall_dataset/train/images/fall203.jpg,0.29376,0.448966,0.837554,0.803658,188,158,536,282,0.6064,383,138
/content/drive/MyDrive/mobilenetv3_step2/person_crops/train/fall204_person00.jpg,/content/drive/MyDrive/mobilenetv3_step2/fall_dataset/train/images/fall204.jpg,0.270836,0.359562,0.857837,0.790426,173,126,549,278,0.682,413,167
/content/drive/MyDrive/mobilenetv3_step2/person_crops/train/fall205_person00.jpg,/content/drive/MyDrive/mobilenetv3_step2/fall_dataset/train/images/fall205.jpg,0.143105,0.542813,0.539217,1.0,91,191,345,352,0.7659,279,169
/content/drive/MyDrive/mobilenetv3_step2/person_crops/train/fall206_person00.jpg,/content/drive/MyDrive/mobilenetv3_step2/fall_dataset/train/images/fall206.jpg,0.243807,0.546182,0.583549,1.0,156,192,373,352,0.7881,239,168
/content/drive/MyDrive/mobilenetv3_step2/person_crops/train/fall207_person00.jpg,/content/drive/MyDrive/mobilenetv3_step2/fall_dataset/train/images/fall207.jpg,0.220508,0.656401,0.773855,1.0,141,315,495,480,0.6624,389,174
/content/drive/MyDrive/mobilenetv3_step2/person_crops/train/fall208_person00.jpg,/content/drive/MyDrive/mobilenetv3_step2/fall_dataset/train/images/fall208.jpg,0.243214,0.308272,0.74441,0.971612,155,147,476,466,0.844,353,348
/content/drive/MyDrive/mobilenetv3_step2/person_crops/train/fall208_person01.jpg,/content/drive/MyDrive/mobilenetv3_step2/fall_dataset/train/images/fall208.jpg,0.033506,0.0,0.409444,0.32881,21,0,262,157,0.5875,265,165
/content/drive/MyDrive/mobilenetv3_step2/person_crops/train/fall_night_001_person00.jpg,/content/drive/MyDrive/mobilenetv3_step2/fall_dataset/train/images/fall_night_001.jpg,0.088822,0.22564,0.920568,0.708579,19,50,207,159,0.734,206,119
/content/drive/MyDrive/mobilenetv3_step2/person_crops/train/fall_night_002_person00.jpg,/content/drive/MyDrive/mobilenetv3_step2/fall_dataset/train/images/fall_night_002.jpg,0.230337,0.405248,0.981207,0.995784,51,91,220,224,0.7535,182,141
/content/drive/MyDrive/mobilenetv3_step2/person_crops/train/fall_night_003_person00.jpg,/content/drive/MyDrive/mobilenetv3_step2/fall_dataset/train/images/fall_night_003.jpg,0.13961,0.398951,0.916534,0.702983,48,139,320,246,0.7602,299,117
/content/drive/MyDrive/mobilenetv3_step2/person_crops/train/fall_night_003_person01.jpg,/content/drive/MyDrive/mobilenetv3_step2/fall_dataset/train/images/fall_night_003.jpg,0.247584,0.028001,0.550924,0.371587,86,9,192,130,0.731,117,133
/content/drive/MyDrive/mobilenetv3_step2/person_crops/train/fall_night_004_person00.jpg,/content/drive/MyDrive/mobilenetv3_step2/fall_dataset/train/images/fall_night_004.jpg,0.281044,0.072078,1.0,0.828708,53,10,192,119,0.7315,145,120
/content/drive/MyDrive/mobilenetv3_step2/person_crops/train/fall_night_005_person00.jpg,/content/drive/MyDrive/mobilenetv3_step2/fall_dataset/train/images/fall_night_005.jpg,0.005112,0.456918,0.696493,0.865163,0,87,133,166,0.6789,140,87
/content/drive/MyDrive/mobilenetv3_step2/person_crops/train/fall_night_006_person00.jpg,/content/drive/MyDrive/mobilenetv3_step2/fall_dataset/train/images/fall_night_006.jpg,0.058608,0.19756,0.649572,0.811653,11,50,124,207,0.6701,125,173
/content/drive/MyDrive/mobilenetv3_step2/person_crops/train/fall_night_007_person00.jpg,/content/drive/MyDrive/mobilenetv3_step2/fall_dataset/train/images/fall_night_007.jpg,0.148421,0.724557,0.907597,0.953826,28,185,174,244,0.6713,160,65
/content/drive/MyDrive/mobilenetv3_step2/person_crops/train/fall_night_008_person00.jpg,/content/drive/MyDrive/mobilenetv3_step2/fall_dataset/train/images/fall_night_008.jpg,0.185748,0.515875,0.759124,0.962568,41,116,170,216,0.6679,142,110
/content/drive/MyDrive/mobilenetv3_step2/person_crops/train/fall_night_009_person00.jpg,/content/drive/MyDrive/mobilenetv3_step2/fall_dataset/train/images/fall_night_009.jpg,0.08862,0.517884,0.821251,0.939396,17,124,157,225,0.6091,155,111
/content/drive/MyDrive/mobilenetv3_step2/person_crops/train/fall_night_010_person00.jpg,/content/drive/MyDrive/mobilenetv3_step2/fall_dataset/train/images/fall_night_010.jpg,0.458786,0.585939,1.0,0.985986,126,107,275,180,0.6681,157,80
/content/drive/MyDrive/mobilenetv3_step2/person_crops/train/fall_night_011_person00.jpg,/content/drive/MyDrive/mobilenetv3_step2/fall_dataset/train/images/fall_night_011.jpg,0.077796,0.138017,0.218258,0.606355,47,56,133,247,0.7175,94,210
/content/drive/MyDrive/mobilenetv3_step2/person_crops/train/fall_night_011_person01.jpg,/content/drive/MyDrive/mobilenetv3_step2/fall_dataset/train/images/fall_night_011.jpg,0.897056,0.409912,0.979754,0.603193,548,167,599,246,0.6118,56,87
/content/drive/MyDrive/mobilenetv3_step2/person_crops/train/fall_night_011_person02.jpg,/content/drive/MyDrive/mobilenetv3_step2/fall_dataset/train/images/fall_night_011.jpg,0.34703,0.537225,0.753298,1.0,212,219,461,408,0.5673,274,199
/content/drive/MyDrive/mobilenetv3_step2/person_crops/train/fall_night_012_person00.jpg,/content/drive/MyDrive/mobilenetv3_step2/fall_dataset/train/images/fall_night_012.jpg,0.0,0.332481,0.589027,1.0,0,135,360,408,0.6856,378,286
/content/drive/MyDrive/mobilenetv3_step2/person_crops/train/fall_night_013_person00.jpg,/content/drive/MyDrive/mobilenetv3_step2/fall_dataset/train/images/fall_night_013.jpg,0.096022,0.270034,0.89286,0.979152,28,45,267,164,0.5914,263,129
/content/drive/MyDrive/mobilenetv3_step2/person_crops/train/fall_night_014_person00.jpg,/content/drive/MyDrive/mobilenetv3_step2/fall_dataset/train/images/fall_night_014.jpg,0.146472,0.336349,0.619497,0.953509,89,123,379,348,0.7017,318,249
/content/drive/MyDrive/mobilenetv3_step2/person_crops/train/fall_night_014_person01.jpg,/content/drive/MyDrive/mobilenetv3_step2/fall_dataset/train/images/fall_night_014.jpg,0.152905,0.0,0.348421,0.304211,93,0,213,111,0.6103,132,116
/content/drive/MyDrive/mobilenetv3_step2/person_crops/train/fall_night_015_person00.jpg,/content/drive/MyDrive/mobilenetv3_step2/fall_dataset/train/images/fall_night_015.jpg,0.661844,0.0,0.90431,0.614038,405,0,553,250,0.5502,163,263
/content/drive/MyDrive/mobilenetv3_step2/person_crops/train/fall_night_016_person00.jpg,/content/drive/MyDrive/mobilenetv3_step2/fall_dataset/train/images/fall_night_016.jpg,0.477168,0.0,0.588905,0.386786,292,0,360,157,0.6376,75,165
/content/drive/MyDrive/mobilenetv3_step2/person_crops/train/fall_night_016_person01.jpg,/content/drive/MyDrive/mobilenetv3_step2/fall_dataset/train/images/fall_night_016.jpg,0.31583,0.0,0.440119,0.247892,193,0,269,101,0.5705,84,106
/content/drive/MyDrive/mobilenetv3_step2/person_crops/train/fall_night_018_person00.jpg,/content/drive/MyDrive/mobilenetv3_step2/fall_dataset/train/images/fall_night_018.jpg,0.80199,0.0,1.0,0.546092,240,0,299,91,0.57,63,96
/content/drive/MyDrive/mobilenetv3_step2/person_crops/train/fall_night_019_person00.jpg,/content/drive/MyDrive/mobilenetv3_step2/fall_dataset/train/images/fall_night_019.jpg,0.121727,0.492105,0.849522,0.952089,33,90,233,174,0.7313,220,93
/content/drive/MyDrive/mobilenetv3_step2/person_crops/train/fall_night_019_person01.jpg,/content/drive/MyDrive/mobilenetv3_step2/fall_dataset/train/images/fall_night_019.jpg,0.476355,0.003917,0.833467,0.474535,130,0,229,86,0.5765,108,91
/content/drive/MyDrive/mobilenetv3_step2/person_crops/train/fall_night_019_person02.jpg,/content/drive/MyDrive/mobilenetv3_step2/fall_dataset/train/images/fall_night_019.jpg,0.0,0.31939,0.273223,0.650146,0,58,75,118,0.568,78,67
/content/drive/MyDrive/mobilenetv3_step2/person_crops/train/fall_night_020_person00.jpg,/content/drive/MyDrive/mobilenetv3_step2/fall_dataset/train/images/fall_night_020.jpg,0.515465,0.0,0.680873,0.387278,371,0,490,156,0.6697,131,164
/content/drive/MyDrive/mobilenetv3_step2/person_crops/train/fall_night_020_person01.jpg,/content/drive/MyDrive/mobilenetv3_step2/fall_dataset/train/images/fall_night_020.jpg,0.204634,0.022831,0.412212,0.377732,147,9,296,152,0.6188,165,158
/content/drive/MyDrive/mobilenetv3_step2/person_crops/train/fall_night_020_person02.jpg,/content/drive/MyDrive/mobilenetv3_step2/fall_dataset/train/images/fall_night_020.jpg,0.599208,0.12308,0.893604,0.437566,431,49,643,177,0.5895,233,140
/content/drive/MyDrive/mobilenetv3_step2/person_crops/train/fall_night_020_person03.jpg,/content/drive/MyDrive/mobilenetv3_step2/fall_dataset/train/images/fall_night_020.jpg,0.037019,0.0,0.237645,0.421034,26,0,171,170,0.5763,159,179
/content/drive/MyDrive/mobilenetv3_step2/person_crops/train/fall_night_020_person04.jpg,/content/drive/MyDrive/mobilenetv3_step2/fall_dataset/train/images/fall_night_020.jpg,0.82852,0.138304,1.0,0.543911,596,56,720,220,0.5731,130,181
/content/drive/MyDrive/mobilenetv3_step2/person_crops/train/fall_night_021_person00.jpg,/content/drive/MyDrive/mobilenetv3_step2/fall_dataset/train/images/fall_night_021.jpg,0.658952,0.0,0.922321,0.409189,204,0,286,66,0.5644,90,69
/content/drive/MyDrive/mobilenetv3_step2/person_crops/train/fall_night_022_person00.jpg,/content/drive/MyDrive/mobilenetv3_step2/fall_dataset/train/images/fall_night_022.jpg,0.276196,0.0,0.443677,0.423923,87,0,141,67,0.5978,58,70
/content/drive/MyDrive/mobilenetv3_step2/person_crops/train/fall_night_022_person01.jpg,/content/drive/MyDrive/mobilenetv3_step2/fall_dataset/train/images/fall_night_022.jpg,0.406776,0.447708,0.898323,1.0,129,71,285,159,0.5696,172,93
/content/drive/MyDrive/mobilenetv3_step2/person_crops/train/fall_night_023_person00.jpg,/content/drive/MyDrive/mobilenetv3_step2/fall_dataset/train/images/fall_night_023.jpg,0.186427,0.411784,0.432613,0.656723,35,98,83,157,0.6725,52,65
/content/drive/MyDrive/mobilenetv3_step2/person_crops/train/fall_night_023_person01.jpg,/content/drive/MyDrive/mobilenetv3_step2/fall_dataset/train/images/fall_night_023.jpg,0.668027,0.435853,0.867471,0.714178,128,104,166,171,0.61,42,73
/content/drive/MyDrive/mobilenetv3_step2/person_crops/train/fall_night_023_person02.jpg,/content/drive/MyDrive/mobilenetv3_step2/fall_dataset/train/images/fall_night_023.jpg,0.310786,0.437975,0.561148,0.650678,59,105,107,156,0.602,53,56
/content/drive/MyDrive/mobilenetv3_step2/person_crops/train/fall_night_023_person03.jpg,/content/drive/MyDrive/mobilenetv3_step2/fall_dataset/train/images/fall_night_023.jpg,0.461991,0.465056,0.683121,0.730386,88,111,131,175,0.5518,47,70
/content/drive/MyDrive/mobilenetv3_step2/person_crops/train/fall_night_024_person00.jpg,/content/drive/MyDrive/mobilenetv3_step2/fall_dataset/train/images/fall_night_024.jpg,0.0,0.424209,0.504791,1.0,0,71,151,168,0.7335,159,102
/content/drive/MyDrive/mobilenetv3_step2/person_crops/train/fall_night_025_person00.jpg,/content/drive/MyDrive/mobilenetv3_step2/fall_dataset/train/images/fall_night_025.jpg,0.355826,0.363427,0.486246,0.65208,462,347,632,624,0.8191,186,304
/content/drive/MyDrive/mobilenetv3_step2/person_crops/train/fall_night_025_person01.jpg,/content/drive/MyDrive/mobilenetv3_step2/fall_dataset/train/images/fall_night_025.jpg,0.61724,0.367352,0.828904,0.63796,802,351,1077,610,0.7136,303,285
/content/drive/MyDrive/mobilenetv3_step2/person_crops/train/fall_night_025_person02.jpg,/content/drive/MyDrive/mobilenetv3_step2/fall_dataset/train/images/fall_night_025.jpg,0.756721,0.36401,0.956536,0.627497,983,348,1243,600,0.6695,286,278
/content/drive/MyDrive/mobilenetv3_step2/person_crops/train/fall_night_025_person03.jpg,/content/drive/MyDrive/mobilenetv3_step2/fall_dataset/train/images/fall_night_025.jpg,0.532627,0.557288,0.668017,0.672353,692,533,868,643,0.6287,194,121
/content/drive/MyDrive/mobilenetv3_step2/person_crops/train/fall_night_025_person04.jpg,/content/drive/MyDrive/mobilenetv3_step2/fall_dataset/train/images/fall_night_025.jpg,0.357826,0.579906,0.638415,0.743993,465,554,829,712,0.6145,402,172
/content/drive/MyDrive/mobilenetv3_step2/person_crops/train/fall_night_025_person05.jpg,/content/drive/MyDrive/mobilenetv3_step2/fall_dataset/train/images/fall_night_025.jpg,0.539914,0.375985,0.714119,0.634381,701,359,928,607,0.6144,249,272
/content/drive/MyDrive/mobilenetv3_step2/person_crops/train/fall_night_025_person06.jpg,/content/drive/MyDrive/mobilenetv3_step2/fall_dataset/train/images/fall_night_025.jpg,0.0,0.533183,0.360423,0.934034,0,510,468,893,0.5719,491,422
/content/drive/MyDrive/mobilenetv3_step2/person_crops/train/fall_night_025_person07.jpg,/content/drive/MyDrive/mobilenetv3_step2/fall_dataset/train/images/fall_night_025.jpg,0.020676,0.335161,0.333827,0.779294,26,320,433,745,0.564,448,468
/content/drive/MyDrive/mobilenetv3_step2/person_crops/train/fall_night_028_person00.jpg,/content/drive/MyDrive/mobilenetv3_step2/fall_dataset/train/images/fall_night_028.jpg,0.363699,0.483689,0.722094,1.0,290,257,577,533,0.6825,316,289
/content/drive/MyDrive/mobilenetv3_step2/person_crops/train/fall_night_028_person01.jpg,/content/drive/MyDrive/mobilenetv3_step2/fall_dataset/train/images/fall_night_028.jpg,0.352014,0.330655,0.513502,0.606364,281,176,410,323,0.6317,142,162
/content/drive/MyDrive/mobilenetv3_step2/person_crops/train/fall_night_028_person02.jpg,/content/drive/MyDrive/mobilenetv3_step2/fall_dataset/train/images/fall_night_028.jpg,0.192018,0.194153,0.36084,0.687551,153,103,288,366,0.605,149,289
/content/drive/MyDrive/mobilenetv3_step2/person_crops/train/fall_night_028_person03.jpg,/content/drive/MyDrive/mobilenetv3_step2/fall_dataset/train/images/fall_night_028.jpg,0.512813,0.314126,0.702255,0.717718,410,167,561,382,0.5805,167,237
/content/drive/MyDrive/mobilenetv3_step2/person_crops/train/fall_night_029_person00.jpg,/content/drive/MyDrive/mobilenetv3_step2/fall_dataset/train/images/fall_night_029.jpg,0.342216,0.365437,0.607883,1.0,97,64,173,176,0.5671,83,118
/content/drive/MyDrive/mobilenetv3_step2/person_crops/train/fall_night_030_person00.jpg,/content/drive/MyDrive/mobilenetv3_step2/fall_dataset/train/images/fall_night_030.jpg,0.0,0.123991,0.317002,0.922668,0,20,95,155,0.6783,99,147
/content/drive/MyDrive/mobilenetv3_step2/person_crops/train/fall_night_030_person01.jpg,/content/drive/MyDrive/mobilenetv3_step2/fall_dataset/train/images/fall_night_030.jpg,0.0,0.7936,0.343374,1.0,0,133,103,168,0.6174,108,37
/content/drive/MyDrive/mobilenetv3_step2/person_crops/train/fall_night_031_person00.jpg,/content/drive/MyDrive/mobilenetv3_step2/fall_dataset/train/images/fall_night_031.jpg,0.0,0.034217,0.337177,0.487007,0,25,253,366,0.7976,266,375
/content/drive/MyDrive/mobilenetv3_step2/person_crops/train/fall_night_031_person01.jpg,/content/drive/MyDrive/mobilenetv3_step2/fall_dataset/train/images/fall_night_031.jpg,0.74306,0.030917,1.0,0.365435,558,23,752,274,0.7647,203,277
/content/drive/MyDrive/mobilenetv3_step2/person_crops/train/fall_night_031_person02.jpg,/content/drive/MyDrive/mobilenetv3_step2/fall_dataset/train/images/fall_night_031.jpg,0.333452,0.222855,0.608162,0.442745,250,167,457,332,0.6675,227,182
/content/drive/MyDrive/mobilenetv3_step2/person_crops/train/fall_night_031_person03.jpg,/content/drive/MyDrive/mobilenetv3_step2/fall_dataset/train/images/fall_night_031.jpg,0.0,0.553467,0.396684,1.0,0,416,298,752,0.6068,313,353
/content/drive/MyDrive/mobilenetv3_step2/person_crops/train/fall_night_031_person04.jpg,/content/drive/MyDrive/mobilenetv3_step2/fall_dataset/train/images/fall_night_031.jpg,0.332616,0.049518,0.564787,0.408191,250,37,424,306,0.592,192,297
/content/drive/MyDrive/mobilenetv3_step2/person_crops/train/fall_night_032_person00.jpg,/content/drive/MyDrive/mobilenetv3_step2/fall_dataset/train/images/fall_night_032.jpg,0.614817,0.078793,0.696872,0.315573,169,14,191,57,0.6183,25,47
/content/drive/MyDrive/mobilenetv3_step2/person_crops/train/fall_night_032_person01.jpg,/content/drive/MyDrive/mobilenetv3_step2/fall_dataset/train/images/fall_night_032.jpg,0.088679,0.036342,0.171847,0.434677,24,6,47,79,0.5602,25,80
/content/drive/MyDrive/mobilenetv3_step2/person_crops/train/fall_night_033_person00.jpg,/content/drive/MyDrive/mobilenetv3_step2/fall_dataset/train/images/fall_night_033.jpg,0.175179,0.274008,0.253855,0.587056,48,50,69,107,0.6839,23,63
/content/drive/MyDrive/mobilenetv3_step2/person_crops/train/fall_night_033_person01.jpg,/content/drive/MyDrive/mobilenetv3_step2/fall_dataset/train/images/fall_night_033.jpg,0.012715,0.127792,0.123578,0.723256,3,23,33,132,0.6815,34,120
/content/drive/MyDrive/mobilenetv3_step2/person_crops/train/fall_night_033_person02.jpg,/content/drive/MyDrive/mobilenetv3_step2/fall_dataset/train/images/fall_night_033.jpg,0.602439,0.220377,0.764743,0.616896,165,40,210,112,0.578,49,80
/content/drive/MyDrive/mobilenetv3_step2/person_crops/train/fall_night_033_person03.jpg,/content/drive/MyDrive/mobilenetv3_step2/fall_dataset/train/images/fall_night_033.jpg,0.47521,0.324242,0.824659,0.724865,130,59,226,132,0.5776,106,81
/content/drive/MyDrive/mobilenetv3_step2/person_crops/train/fall_night_033_person04.jpg,/content/drive/MyDrive/mobilenetv3_step2/fall_dataset/train/images/fall_night_033.jpg,0.347485,0.221038,0.476744,0.657082,95,40,131,120,0.5555,39,88
/content/drive/MyDrive/mobilenetv3_step2/person_crops/train/fall_night_034_person00.jpg,/content/drive/MyDrive/mobilenetv3_step2/fall_dataset/train/images/fall_night_034.jpg,0.449286,0.218031,0.649462,0.712005,123,39,178,130,0.7675,61,99
/content/drive/MyDrive/mobilenetv3_step2/person_crops/train/fall_night_034_person01.jpg,/content/drive/MyDrive/mobilenetv3_step2/fall_dataset/train/images/fall_night_034.jpg,0.283099,0.616663,0.970523,1.0,77,112,266,183,0.6811,207,74
/content/drive/MyDrive/mobilenetv3_step2/person_crops/train/fall_night_034_person02.jpg,/content/drive/MyDrive/mobilenetv3_step2/fall_dataset/train/images/fall_night_034.jpg,0.857239,0.184142,0.988746,0.604165,235,33,271,110,0.6473,40,85
/content/drive/MyDrive/mobilenetv3_step2/person_crops/train/fall_night_034_person03.jpg,/content/drive/MyDrive/mobilenetv3_step2/fall_dataset/train/images/fall_night_034.jpg,0.039963,0.25767,0.156925,0.667543,10,47,43,122,0.5725,35,82
/content/drive/MyDrive/mobilenetv3_step2/person_crops/train/fall_night_036_person00.jpg,/content/drive/MyDrive/mobilenetv3_step2/fall_dataset/train/images/fall_night_036.jpg,0.335551,0.010633,0.562821,0.605588,92,1,154,110,0.6511,68,116
/content/drive/MyDrive/mobilenetv3_step2/person_crops/train/fall_night_036_person01.jpg,/content/drive/MyDrive/mobilenetv3_step2/fall_dataset/train/images/fall_night_036.jpg,0.056342,0.028869,0.411513,0.913163,15,5,113,167,0.6396,108,175
/content/drive/MyDrive/mobilenetv3_step2/person_crops/train/fall_night_036_person02.jpg,/content/drive/MyDrive/mobilenetv3_step2/fall_dataset/train/images/fall_night_036.jpg,0.354307,0.48825,1.0,0.921944,97,89,275,168,0.5683,187,87
/content/drive/MyDrive/mobilenetv3_step2/person_crops/train/fall_night_037_person00.jpg,/content/drive/MyDrive/mobilenetv3_step2/fall_dataset/train/images/fall_night_037.jpg,0.201112,0.093222,0.673522,1.0,63,14,214,159,0.6607,165,152
/content/drive/MyDrive/mobilenetv3_step2/person_crops/train/fall_night_038_person00.jpg,/content/drive/MyDrive/mobilenetv3_step2/fall_dataset/train/images/fall_night_038.jpg,0.421904,0.02964,0.721116,0.440118,105,5,181,88,0.6385,82,91
/content/drive/MyDrive/mobilenetv3_step2/person_crops/train/fall_night_038_person01.jpg,/content/drive/MyDrive/mobilenetv3_step2/fall_dataset/train/images/fall_night_038.jpg,0.736441,0.017042,0.982977,0.718422,184,3,246,144,0.5688,68,151
/content/drive/MyDrive/mobilenetv3_step2/person_crops/train/fall_night_039_person00.jpg,/content/drive/MyDrive/mobilenetv3_step2/fall_dataset/train/images/fall_night_039.jpg,0.316147,0.104009,0.715302,0.615228,86,19,196,112,0.6085,121,103
/content/drive/MyDrive/mobilenetv3_step2/person_crops/train/fall_night_039_person01.jpg,/content/drive/MyDrive/mobilenetv3_step2/fall_dataset/train/images/fall_night_039.jpg,0.629397,0.0,0.797191,0.400318,173,0,219,73,0.6035,51,76
/content/drive/MyDrive/mobilenetv3_step2/person_crops/train/fall_night_040_person00.jpg,/content/drive/MyDrive/mobilenetv3_step2/fall_dataset/train/images/fall_night_040.jpg,0.0,0.285046,0.315291,0.854334,0,52,86,156,0.8293,91,115
/content/drive/MyDrive/mobilenetv3_step2/person_crops/train/fall_night_040_person01.jpg,/content/drive/MyDrive/mobilenetv3_step2/fall_dataset/train/images/fall_night_040.jpg,0.644008,0.118209,1.0,0.762157,177,21,275,139,0.5924,103,130
/content/drive/MyDrive/mobilenetv3_step2/person_crops/train/fall_night_040_person02.jpg,/content/drive/MyDrive/mobilenetv3_step2/fall_dataset/train/images/fall_night_040.jpg,0.351722,0.429277,0.814785,0.792604,96,78,224,145,0.5791,140,73
/content/drive/MyDrive/mobilenetv3_step2/person_crops/train/fall_night_041_person00.jpg,/content/drive/MyDrive/mobilenetv3_step2/fall_dataset/train/images/fall_night_041.jpg,0.245432,0.113469,0.792353,1.0,251,58,811,512,0.5953,616,477
/content/drive/MyDrive/mobilenetv3_step2/person_crops/train/fall_night_041_person01.jpg,/content/drive/MyDrive/mobilenetv3_step2/fall_dataset/train/images/fall_night_041.jpg,0.135564,0.0,0.477386,0.560387,138,0,488,286,0.5548,385,301
/content/drive/MyDrive/mobilenetv3_step2/person_crops/train/fall_night_043_person00.jpg,/content/drive/MyDrive/mobilenetv3_step2/fall_dataset/train/images/fall_night_043.jpg,0.192202,0.286117,0.61708,0.965921,54,51,174,172,0.6286,132,133
/content/drive/MyDrive/mobilenetv3_step2/person_crops/train/fall_night_043_person01.jpg,/content/drive/MyDrive/mobilenetv3_step2/fall_dataset/train/images/fall_night_043.jpg,0.596009,0.125788,0.840686,0.989677,168,22,237,177,0.6204,76,165
/content/drive/MyDrive/mobilenetv3_step2/person_crops/train/fall_night_044_person00.jpg,/content/drive/MyDrive/mobilenetv3_step2/fall_dataset/train/images/fall_night_044.jpg,0.177152,0.109554,0.354358,0.611994,39,24,79,137,0.7094,44,125
/content/drive/MyDrive/mobilenetv3_step2/person_crops/train/fall_night_044_person01.jpg,/content/drive/MyDrive/mobilenetv3_step2/fall_dataset/train/images/fall_night_044.jpg,0.398034,0.185528,0.613504,0.431482,89,41,138,97,0.6983,53,61
/content/drive/MyDrive/mobilenetv3_step2/person_crops/train/fall_night_044_person02.jpg,/content/drive/MyDrive/mobilenetv3_step2/fall_dataset/train/images/fall_night_044.jpg,0.312229,0.420351,0.742496,0.614775,70,94,167,138,0.635,106,48
/content/drive/MyDrive/mobilenetv3_step2/person_crops/train/fall_night_045_person00.jpg,/content/drive/MyDrive/mobilenetv3_step2/fall_dataset/train/images/fall_night_045.jpg,0.494246,0.10458,0.931893,0.83543,313,61,590,489,0.6601,305,471
/content/drive/MyDrive/mobilenetv3_step2/person_crops/train/fall_night_045_person01.jpg,/content/drive/MyDrive/mobilenetv3_step2/fall_dataset/train/images/fall_night_045.jpg,0.054853,0.426124,0.560739,0.790305,34,249,355,463,0.6275,353,234
/content/drive/MyDrive/mobilenetv3_step2/person_crops/train/fall_night_045_person02.jpg,/content/drive/MyDrive/mobilenetv3_step2/fall_dataset/train/images/fall_night_045.jpg,0.21886,0.02445,0.383212,0.348038,138,14,242,203,0.5586,115,209
/content/drive/MyDrive/mobilenetv3_step2/person_crops/train/fall_night_046_person00.jpg,/content/drive/MyDrive/mobilenetv3_step2/fall_dataset/train/images/fall_night_046.jpg,0.068089,0.0,0.264882,0.646512,43,0,168,231,0.7919,137,243
/content/drive/MyDrive/mobilenetv3_step2/person_crops/train/fall_night_046_person01.jpg,/content/drive/MyDrive/mobilenetv3_step2/fall_dataset/train/images/fall_night_046.jpg,0.256577,0.428046,0.616645,0.977987,163,153,392,350,0.7682,252,215
/content/drive/MyDrive/mobilenetv3_step2/person_crops/train/fall_night_046_person02.jpg,/content/drive/MyDrive/mobilenetv3_step2/fall_dataset/train/images/fall_night_046.jpg,0.412729,0.0,0.598519,0.44926,262,0,380,160,0.6437,130,168
/content/drive/MyDrive/mobilenetv3_step2/person_crops/train/fall_night_046_person03.jpg,/content/drive/MyDrive/mobilenetv3_step2/fall_dataset/train/images/fall_night_046.jpg,0.561171,0.0,0.710782,0.508682,356,0,452,182,0.6167,104,191
/content/drive/MyDrive/mobilenetv3_step2/person_crops/train/fall_night_046_person04.jpg,/content/drive/MyDrive/mobilenetv3_step2/fall_dataset/train/images/fall_night_046.jpg,0.324624,0.0,0.478904,0.445066,206,0,304,159,0.606,108,167
/content/drive/MyDrive/mobilenetv3_step2/person_crops/train/fall_night_046_person05.jpg,/content/drive/MyDrive/mobilenetv3_step2/fall_dataset/train/images/fall_night_046.jpg,0.710323,0.014949,0.930946,0.518923,451,5,592,185,0.5871,155,194
/content/drive/MyDrive/mobilenetv3_step2/person_crops/train/fall_night_046_person06.jpg,/content/drive/MyDrive/mobilenetv3_step2/fall_dataset/train/images/fall_night_046.jpg,0.773922,0.0,1.0,0.700855,492,0,635,250,0.5706,151,263
/content/drive/MyDrive/mobilenetv3_step2/person_crops/train/fall_night_047_person00.jpg,/content/drive/MyDrive/mobilenetv3_step2/fall_dataset/train/images/fall_night_047.jpg,0.004191,0.18711,0.231726,0.899933,1,34,63,164,0.7573,66,144
/content/drive/MyDrive/mobilenetv3_step2/person_crops/train/fall_night_048_person00.jpg,/content/drive/MyDrive/mobilenetv3_step2/fall_dataset/train/images/fall_night_048.jpg,0.157221,0.372563,0.851898,0.87179,51,81,281,191,0.6959,252,121
/content/drive/MyDrive/mobilenetv3_step2/person_crops/train/fall_night_048_person01.jpg,/content/drive/MyDrive/mobilenetv3_step2/fall_dataset/train/images/fall_night_048.jpg,0.067252,0.067247,0.409207,0.470916,22,14,135,103,0.6132,124,98
/content/drive/MyDrive/mobilenetv3_step2/person_crops/train/fall_night_048_person02.jpg,/content/drive/MyDrive/mobilenetv3_step2/fall_dataset/train/images/fall_night_048.jpg,0.836593,0.107739,0.942052,0.404209,276,23,310,88,0.571,38,72
/content/drive/MyDrive/mobilenetv3_step2/person_crops/train/fall_night_050_person00.jpg,/content/drive/MyDrive/mobilenetv3_step2/fall_dataset/train/images/fall_night_050.jpg,0.017541,0.195414,0.148218,0.863929,5,33,44,146,0.6666,43,124
/content/drive/MyDrive/mobilenetv3_step2/person_crops/train/fall_night_050_person01.jpg,/content/drive/MyDrive/mobilenetv3_step2/fall_dataset/train/images/fall_night_050.jpg,0.222184,0.588952,0.575833,1.0,66,99,171,169,0.6487,116,73
/content/drive/MyDrive/mobilenetv3_step2/person_crops/train/fall_night_050_person02.jpg,/content/drive/MyDrive/mobilenetv3_step2/fall_dataset/train/images/fall_night_050.jpg,0.142523,0.075583,0.403313,0.581123,42,12,120,98,0.6235,86,94
/content/drive/MyDrive/mobilenetv3_step2/person_crops/train/fall_night_050_person03.jpg,/content/drive/MyDrive/mobilenetv3_step2/fall_dataset/train/images/fall_night_050.jpg,0.507048,0.172571,0.711542,0.830402,151,29,212,140,0.5847,67,122
/content/drive/MyDrive/mobilenetv3_step2/person_crops/train/low_light_walk_1_person00.jpg,/content/drive/MyDrive/mobilenetv3_step2/fall_dataset/train/images/low_light_walk_1.jpg,0.473256,0.431054,0.579606,0.742079,605,441,741,759,0.737,150,350
/content/drive/MyDrive/mobilenetv3_step2/person_crops/train/low_light_walk_1_person01.jpg,/content/drive/MyDrive/mobilenetv3_step2/fall_dataset/train/images/low_light_walk_1.jpg,0.057343,0.250215,0.263848,0.655049,73,256,337,670,0.6209,290,456
/content/drive/MyDrive/mobilenetv3_step2/person_crops/train/low_light_walk_1_person02.jpg,/content/drive/MyDrive/mobilenetv3_step2/fall_dataset/train/images/low_light_walk_1.jpg,0.197733,0.567883,0.54039,1.0,253,581,691,1024,0.5708,482,465
/content/drive/MyDrive/mobilenetv3_step2/person_crops/train/low_light_walk_10_person00.jpg,/content/drive/MyDrive/mobilenetv3_step2/fall_dataset/train/images/low_light_walk_10.jpg,0.425164,0.145633,0.588855,0.556462,544,149,753,569,0.6018,231,462
/content/drive/MyDrive/mobilenetv3_step2/person_crops/train/low_light_walk_11_person00.jpg,/content/drive/MyDrive/mobilenetv3_step2/fall_dataset/train/images/low_light_walk_11.jpg,0.795503,0.463657,0.92968,0.797164,1018,474,1189,816,0.592,189,376
/content/drive/MyDrive/mobilenetv3_step2/person_crops/train/low_light_walk_12_person00.jpg,/content/drive/MyDrive/mobilenetv3_step2/fall_dataset/train/images/low_light_walk_12.jpg,0.32606,0.585187,0.467032,1.0,417,599,597,1024,0.7923,198,447
/content/drive/MyDrive/mobilenetv3_step2/person_crops/train/low_light_walk_12_person01.jpg,/content/drive/MyDrive/mobilenetv3_step2/fall_dataset/train/images/low_light_walk_12.jpg,0.0,0.564521,0.237211,0.94539,0,578,303,968,0.7463,318,429
/content/drive/MyDrive/mobilenetv3_step2/person_crops/train/low_light_walk_12_person02.jpg,/content/drive/MyDrive/mobilenetv3_step2/fall_dataset/train/images/low_light_walk_12.jpg,0.189895,0.248032,0.391756,0.625646,243,253,501,640,0.5878,284,425
/content/drive/MyDrive/mobilenetv3_step2/person_crops/train/low_light_walk_13_person00.jpg,/content/drive/MyDrive/mobilenetv3_step2/fall_dataset/train/images/low_light_walk_13.jpg,0.757392,0.409729,0.916685,0.831129,969,419,1173,851,0.8556,224,475
/content/drive/MyDrive/mobilenetv3_step2/person_crops/train/low_light_walk_14_person00.jpg,/content/drive/MyDrive/mobilenetv3_step2/fall_dataset/train/images/low_light_walk_14.jpg,0.040786,0.578065,0.192882,0.998975,52,591,246,1022,0.7553,214,454
/content/drive/MyDrive/mobilenetv3_step2/person_crops/train/low_light_walk_14_person01.jpg,/content/drive/MyDrive/mobilenetv3_step2/fall_dataset/train/images/low_light_walk_14.jpg,0.269485,0.592572,0.387638,1.0,344,606,496,1024,0.6706,166,439
/content/drive/MyDrive/mobilenetv3_step2/person_crops/train/low_light_walk_14_person02.jpg,/content/drive/MyDrive/mobilenetv3_step2/fall_dataset/train/images/low_light_walk_14.jpg,0.09987,0.010915,0.23469,0.274533,127,11,300,281,0.5976,190,294
/content/drive/MyDrive/mobilenetv3_step2/person_crops/train/low_light_walk_15_person00.jpg,/content/drive/MyDrive/mobilenetv3_step2/fall_dataset/train/images/low_light_walk_15.jpg,0.319305,0.619013,0.513054,1.0,408,633,656,1024,0.5568,273,410
/content/drive/MyDrive/mobilenetv3_step2/person_crops/train/low_light_walk_16_person00.jpg,/content/drive/MyDrive/mobilenetv3_step2/fall_dataset/train/images/low_light_walk_16.jpg,0.475437,0.600029,0.847079,0.991221,608,614,1084,1015,0.6363,524,430
/content/drive/MyDrive/mobilenetv3_step2/person_crops/train/low_light_walk_16_person01.jpg,/content/drive/MyDrive/mobilenetv3_step2/fall_dataset/train/images/low_light_walk_16.jpg,0.357538,0.529162,0.498007,0.88126,457,541,637,902,0.6351,198,397
/content/drive/MyDrive/mobilenetv3_step2/person_crops/train/low_light_walk_16_person02.jpg,/content/drive/MyDrive/mobilenetv3_step2/fall_dataset/train/images/low_light_walk_16.jpg,0.205324,0.13258,0.330932,0.566015,262,135,423,579,0.5934,177,488
/content/drive/MyDrive/mobilenetv3_step2/person_crops/train/low_light_walk_17_person00.jpg,/content/drive/MyDrive/mobilenetv3_step2/fall_dataset/train/images/low_light_walk_17.jpg,0.501572,0.227778,0.6405,0.522019,642,233,819,534,0.606,195,331
/content/drive/MyDrive/mobilenetv3_step2/person_crops/train/low_light_walk_18_person00.jpg,/content/drive/MyDrive/mobilenetv3_step2/fall_dataset/train/images/low_light_walk_18.JPG,0.40635,0.242151,0.553083,0.805484,1599,635,2176,2113,0.8103,635,1626
/content/drive/MyDrive/mobilenetv3_step2/person_crops/train/low_light_walk_18_person01.jpg,/content/drive/MyDrive/mobilenetv3_step2/fall_dataset/train/images/low_light_walk_18.JPG,0.118323,0.294628,0.291785,0.836377,465,773,1148,2194,0.6868,751,1563
/content/drive/MyDrive/mobilenetv3_step2/person_crops/train/low_light_walk_18_person02.jpg,/content/drive/MyDrive/mobilenetv3_step2/fall_dataset/train/images/low_light_walk_18.JPG,0.618852,0.108601,0.796866,0.393216,2435,284,3136,1031,0.5702,771,822
/content/drive/MyDrive/mobilenetv3_step2/person_crops/train/low_light_walk_19_person00.jpg,/content/drive/MyDrive/mobilenetv3_step2/fall_dataset/train/images/low_light_walk_19.JPG,0.577095,0.390107,0.730748,1.0,2271,1023,2876,2624,0.8038,665,1681
/content/drive/MyDrive/mobilenetv3_step2/person_crops/train/low_light_walk_19_person01.jpg,/content/drive/MyDrive/mobilenetv3_step2/fall_dataset/train/images/low_light_walk_19.JPG,0.217051,0.330526,0.314407,0.612023,854,867,1237,1605,0.6838,421,812
/content/drive/MyDrive/mobilenetv3_step2/person_crops/train/low_light_walk_19_person02.jpg,/content/drive/MyDrive/mobilenetv3_step2/fall_dataset/train/images/low_light_walk_19.JPG,0.117119,0.348006,0.253273,0.76945,460,913,996,2019,0.6232,589,1217
/content/drive/MyDrive/mobilenetv3_step2/person_crops/train/low_light_walk_19_person03.jpg,/content/drive/MyDrive/mobilenetv3_step2/fall_dataset/train/images/low_light_walk_19.JPG,0.931546,0.171428,0.994246,0.494964,3666,449,3913,1298,0.6119,271,934
/content/drive/MyDrive/mobilenetv3_step2/person_crops/train/low_light_walk_19_person04.jpg,/content/drive/MyDrive/mobilenetv3_step2/fall_dataset/train/images/low_light_walk_19.JPG,0.290193,0.302343,0.374512,0.561625,1142,793,1474,1473,0.5984,365,748
/content/drive/MyDrive/mobilenetv3_step2/person_crops/train/low_light_walk_19_person05.jpg,/content/drive/MyDrive/mobilenetv3_step2/fall_dataset/train/images/low_light_walk_19.JPG,0.393678,0.309548,0.46235,0.526188,1549,812,1819,1380,0.5714,297,626
/content/drive/MyDrive/mobilenetv3_step2/person_crops/train/low_light_walk_2_person00.jpg,/content/drive/MyDrive/mobilenetv3_step2/fall_dataset/train/images/low_light_walk_2.jpg,0.334473,0.14723,0.4782,0.546119,428,150,612,559,0.634,203,449
/content/drive/MyDrive/mobilenetv3_step2/person_crops/train/low_light_walk_20_person00.jpg,/content/drive/MyDrive/mobilenetv3_step2/fall_dataset/train/images/low_light_walk_20.JPG,0.194729,0.259208,0.417225,1.0,766,680,1642,2624,0.7783,963,2042
/content/drive/MyDrive/mobilenetv3_step2/person_crops/train/low_light_walk_20_person01.jpg,/content/drive/MyDrive/mobilenetv3_step2/fall_dataset/train/images/low_light_walk_20.JPG,0.535071,0.238032,0.672122,0.542882,2106,624,2645,1424,0.6728,593,880
/content/drive/MyDrive/mobilenetv3_step2/person_crops/train/low_light_walk_20_person02.jpg,/content/drive/MyDrive/mobilenetv3_step2/fall_dataset/train/images/low_light_walk_20.JPG,0.647499,0.25109,0.757412,0.669645,2548,658,2981,1757,0.6323,476,1209
/content/drive/MyDrive/mobilenetv3_step2/person_crops/train/low_light_walk_20_person03.jpg,/content/drive/MyDrive/mobilenetv3_step2/fall_dataset/train/images/low_light_walk_20.JPG,0.739235,0.204716,0.859619,0.655335,2909,537,3383,1719,0.6274,522,1300
/content/drive/MyDrive/mobilenetv3_step2/person_crops/train/low_light_walk_20_person04.jpg,/content/drive/MyDrive/mobilenetv3_step2/fall_dataset/train/images/low_light_walk_20.JPG,0.469644,0.272668,0.546853,0.519609,1848,715,2152,1363,0.5545,334,712
/content/drive/MyDrive/mobilenetv3_step2/person_crops/train/low_light_walk_21_person00.jpg,/content/drive/MyDrive/mobilenetv3_step2/fall_dataset/train/images/low_light_walk_21.JPG,0.47502,0.482212,0.653044,0.89249,1869,1265,2570,2341,0.7848,771,1184
/content/drive/MyDrive/mobilenetv3_step2/person_crops/train/low_light_walk_21_person01.jpg,/content/drive/MyDrive/mobilenetv3_step2/fall_dataset/train/images/low_light_walk_21.JPG,0.854217,0.465687,1.0,0.84994,3362,1221,3936,2230,0.7698,603,1109
/content/drive/MyDrive/mobilenetv3_step2/person_crops/train/low_light_walk_21_person02.jpg,/content/drive/MyDrive/mobilenetv3_step2/fall_dataset/train/images/low_light_walk_21.JPG,0.709258,0.481749,0.894635,0.988425,2791,1264,3521,2593,0.5593,802,1427
/content/drive/MyDrive/mobilenetv3_step2/person_crops/train/low_light_walk_21_person03.jpg,/content/drive/MyDrive/mobilenetv3_step2/fall_dataset/train/images/low_light_walk_21.JPG,0.0,0.436723,0.106886,0.748957,0,1145,420,1965,0.5585,441,902
/content/drive/MyDrive/mobilenetv3_step2/person_crops/train/low_light_walk_22_person00.jpg,/content/drive/MyDrive/mobilenetv3_step2/fall_dataset/train/images/low_light_walk_22.JPG,0.432627,0.455709,0.538659,0.918404,1702,1195,2120,2409,0.7562,460,1335
/content/drive/MyDrive/mobilenetv3_step2/person_crops/train/low_light_walk_22_person01.jpg,/content/drive/MyDrive/mobilenetv3_step2/fall_dataset/train/images/low_light_walk_22.JPG,0.318258,0.454167,0.418185,0.904638,1252,1191,1645,2373,0.6958,433,1300
/content/drive/MyDrive/mobilenetv3_step2/person_crops/train/low_light_walk_22_person02.jpg,/content/drive/MyDrive/mobilenetv3_step2/fall_dataset/train/images/low_light_walk_22.JPG,0.59856,0.435063,0.774276,0.740428,2355,1141,3047,1942,0.6866,761,881
/content/drive/MyDrive/mobilenetv3_step2/person_crops/train/low_light_walk_22_person03.jpg,/content/drive/MyDrive/mobilenetv3_step2/fall_dataset/train/images/low_light_walk_22.JPG,0.770472,0.399856,0.986526,0.832152,3032,1049,3882,2183,0.6071,935,1248
/content/drive/MyDrive/mobilenetv3_step2/person_crops/train/low_light_walk_22_person04.jpg,/content/drive/MyDrive/mobilenetv3_step2/fall_dataset/train/images/low_light_walk_22.JPG,0.668737,0.429282,0.817478,0.784945,2632,1126,3217,2059,0.5614,644,1027
/content/drive/MyDrive/mobilenetv3_step2/person_crops/train/low_light_walk_23_person00.jpg,/content/drive/MyDrive/mobilenetv3_step2/fall_dataset/train/images/low_light_walk_23.JPG,0.704891,0.308717,0.845482,0.720088,2774,810,3327,1889,0.6639,609,1187
/content/drive/MyDrive/mobilenetv3_step2/person_crops/train/low_light_walk_23_person01.jpg,/content/drive/MyDrive/mobilenetv3_step2/fall_dataset/train/images/low_light_walk_23.JPG,0.0,0.447635,0.104655,0.867414,0,1174,411,2276,0.642,432,1212
/content/drive/MyDrive/mobilenetv3_step2/person_crops/train/low_light_walk_23_person02.jpg,/content/drive/MyDrive/mobilenetv3_step2/fall_dataset/train/images/low_light_walk_23.JPG,0.848453,0.307626,0.975534,0.734345,3339,807,3839,1926,0.6343,550,1231
/content/drive/MyDrive/mobilenetv3_step2/person_crops/train/low_light_walk_23_person03.jpg,/content/drive/MyDrive/mobilenetv3_step2/fall_dataset/train/images/low_light_walk_23.JPG,0.036396,0.578493,0.346625,0.798349,143,1517,1364,2094,0.6108,1343,634
/content/drive/MyDrive/mobilenetv3_step2/person_crops/train/low_light_walk_24_person00.jpg,/content/drive/MyDrive/mobilenetv3_step2/fall_dataset/train/images/low_light_walk_24.JPG,0.525866,0.327384,0.674467,0.876102,2069,859,2654,2298,0.8416,643,1583
/content/drive/MyDrive/mobilenetv3_step2/person_crops/train/low_light_walk_24_person01.jpg,/content/drive/MyDrive/mobilenetv3_step2/fall_dataset/train/images/low_light_walk_24.JPG,0.678653,0.31163,0.789908,0.624294,2671,817,3109,1638,0.5661,481,903
/content/drive/MyDrive/mobilenetv3_step2/person_crops/train/low_light_walk_24_person02.jpg,/content/drive/MyDrive/mobilenetv3_step2/fall_dataset/train/images/low_light_walk_24.JPG,0.10219,0.280412,0.171175,0.646828,402,735,673,1697,0.5602,299,1058
/content/drive/MyDrive/mobilenetv3_step2/person_crops/train/low_light_walk_25_person00.jpg,/content/drive/MyDrive/mobilenetv3_step2/fall_dataset/train/images/low_light_walk_25.JPG,0.369409,0.372346,0.509209,0.911835,1453,977,2004,2392,0.7695,605,1557
/content/drive/MyDrive/mobilenetv3_step2/person_crops/train/low_light_walk_25_person01.jpg,/content/drive/MyDrive/mobilenetv3_step2/fall_dataset/train/images/low_light_walk_25.JPG,0.720923,0.276482,0.820248,0.658201,2837,725,3228,1727,0.7011,430,1102
/content/drive/MyDrive/mobilenetv3_step2/person_crops/train/low_light_walk_25_person02.jpg,/content/drive/MyDrive/mobilenetv3_step2/fall_dataset/train/images/low_light_walk_25.JPG,0.069357,0.412295,0.360784,0.830871,272,1081,1420,2180,0.6301,1262,1209
/content/drive/MyDrive/mobilenetv3_step2/person_crops/train/low_light_walk_26_person00.jpg,/content/drive/MyDrive/mobilenetv3_step2/fall_dataset/train/images/low_light_walk_26.JPG,0.52009,0.184956,0.748895,0.902051,2047,485,2947,2366,0.7441,990,2070
/content/drive/MyDrive/mobilenetv3_step2/person_crops/train/low_light_walk_26_person01.jpg,/content/drive/MyDrive/mobilenetv3_step2/fall_dataset/train/images/low_light_walk_26.JPG,0.342715,0.105051,0.51051,0.589573,1348,275,2009,1547,0.6233,727,1398
/content/drive/MyDrive/mobilenetv3_step2/person_crops/train/low_light_walk_27_person00.jpg,/content/drive/MyDrive/mobilenetv3_step2/fall_dataset/train/images/low_light_walk_27.JPG,0.191381,0.230107,0.293693,0.669553,753,603,1155,1756,0.661,443,1268
/content/drive/MyDrive/mobilenetv3_step2/person_crops/train/low_light_walk_27_person01.jpg,/content/drive/MyDrive/mobilenetv3_step2/fall_dataset/train/images/low_light_walk_27.JPG,0.516926,0.244531,0.745264,0.875134,2034,641,2933,2296,0.6398,989,1821
/content/drive/MyDrive/mobilenetv3_step2/person_crops/train/low_light_walk_27_person02.jpg,/content/drive/MyDrive/mobilenetv3_step2/fall_dataset/train/images/low_light_walk_27.JPG,0.310498,0.194259,0.455045,0.673695,1222,509,1791,1767,0.5925,626,1384
/content/drive/MyDrive/mobilenetv3_step2/person_crops/train/low_light_walk_28_person00.jpg,/content/drive/MyDrive/mobilenetv3_step2/fall_dataset/train/images/low_light_walk_28.JPG,0.247891,0.127232,0.333265,0.529095,975,333,1311,1388,0.6667,370,1160
/content/drive/MyDrive/mobilenetv3_step2/person_crops/train/low_light_walk_28_person01.jpg,/content/drive/MyDrive/mobilenetv3_step2/fall_dataset/train/images/low_light_walk_28.JPG,0.784789,0.167103,1.0,0.581366,3088,438,3936,1525,0.66,890,1195
/content/drive/MyDrive/mobilenetv3_step2/person_crops/train/low_light_walk_28_person02.jpg,/content/drive/MyDrive/mobilenetv3_step2/fall_dataset/train/images/low_light_walk_28.JPG,0.639922,0.143245,0.836601,0.473372,2518,375,3292,1242,0.6368,851,953
/content/drive/MyDrive/mobilenetv3_step2/person_crops/train/low_light_walk_28_person03.jpg,/content/drive/MyDrive/mobilenetv3_step2/fall_dataset/train/images/low_light_walk_28.JPG,0.345831,0.143504,0.571593,1.0,1361,376,2249,2624,0.5528,978,2360
/content/drive/MyDrive/mobilenetv3_step2/person_crops/train/low_light_walk_29_person00.jpg,/content/drive/MyDrive/mobilenetv3_step2/fall_dataset/train/images/low_light_walk_29.JPG,0.277234,0.354113,0.422418,0.906674,1091,929,1662,2379,0.7297,629,1595
/content/drive/MyDrive/mobilenetv3_step2/person_crops/train/low_light_walk_29_person01.jpg,/content/drive/MyDrive/mobilenetv3_step2/fall_dataset/train/images/low_light_walk_29.JPG,0.0,0.354256,0.099531,1.0,0,929,391,2624,0.6513,411,1780
/content/drive/MyDrive/mobilenetv3_step2/person_crops/train/low_light_walk_29_person02.jpg,/content/drive/MyDrive/mobilenetv3_step2/fall_dataset/train/images/low_light_walk_29.JPG,0.453437,0.370336,0.729213,0.835576,1784,971,2870,2192,0.5791,1194,1343
/content/drive/MyDrive/mobilenetv3_step2/person_crops/train/low_light_walk_3_person00.jpg,/content/drive/MyDrive/mobilenetv3_step2/fall_dataset/train/images/low_light_walk_3.jpg,0.794707,0.131951,0.965097,0.486257,1017,135,1235,497,0.6817,240,400
/content/drive/MyDrive/mobilenetv3_step2/person_crops/train/low_light_walk_3_person01.jpg,/content/drive/MyDrive/mobilenetv3_step2/fall_dataset/train/images/low_light_walk_3.jpg,0.070642,0.574921,0.23139,0.969706,90,588,296,992,0.6163,226,445
/content/drive/MyDrive/mobilenetv3_step2/person_crops/train/low_light_walk_3_person02.jpg,/content/drive/MyDrive/mobilenetv3_step2/fall_dataset/train/images/low_light_walk_3.jpg,0.162924,0.196607,0.326504,0.591632,208,201,417,605,0.6038,230,445
/content/drive/MyDrive/mobilenetv3_step2/person_crops/train/low_light_walk_3_person03.jpg,/content/drive/MyDrive/mobilenetv3_step2/fall_dataset/train/images/low_light_walk_3.jpg,0.0,0.585367,0.110484,0.942325,0,599,141,964,0.5594,148,402
/content/drive/MyDrive/mobilenetv3_step2/person_crops/train/low_light_walk_30_person00.jpg,/content/drive/MyDrive/mobilenetv3_step2/fall_dataset/train/images/low_light_walk_30.JPG,0.331484,0.31267,0.472009,0.899613,1304,820,1857,2360,0.8255,608,1694
/content/drive/MyDrive/mobilenetv3_step2/person_crops/train/low_light_walk_30_person01.jpg,/content/drive/MyDrive/mobilenetv3_step2/fall_dataset/train/images/low_light_walk_30.JPG,0.057258,0.313129,0.225436,0.648869,225,821,887,1702,0.7174,728,969
/content/drive/MyDrive/mobilenetv3_step2/person_crops/train/low_light_walk_30_person02.jpg,/content/drive/MyDrive/mobilenetv3_step2/fall_dataset/train/images/low_light_walk_30.JPG,0.51614,0.317577,0.665071,0.742622,2031,833,2617,1948,0.693,645,1227
/content/drive/MyDrive/mobilenetv3_step2/person_crops/train/low_light_walk_30_person03.jpg,/content/drive/MyDrive/mobilenetv3_step2/fall_dataset/train/images/low_light_walk_30.JPG,0.732233,0.276847,0.90458,0.755814,2882,726,3560,1983,0.6533,746,1383
/content/drive/MyDrive/mobilenetv3_step2/person_crops/train/low_light_walk_30_person04.jpg,/content/drive/MyDrive/mobilenetv3_step2/fall_dataset/train/images/low_light_walk_30.JPG,0.641148,0.287838,0.756764,0.755023,2523,755,2978,1981,0.6414,501,1349
/content/drive/MyDrive/mobilenetv3_step2/person_crops/train/low_light_walk_30_person05.jpg,/content/drive/MyDrive/mobilenetv3_step2/fall_dataset/train/images/low_light_walk_30.JPG,0.543131,0.316214,0.607931,0.685214,2137,829,2392,1798,0.6335,280,1065
/content/drive/MyDrive/mobilenetv3_step2/person_crops/train/low_light_walk_30_person06.jpg,/content/drive/MyDrive/mobilenetv3_step2/fall_dataset/train/images/low_light_walk_30.JPG,0.87893,0.396179,1.0,0.743721,3459,1039,3936,1951,0.5539,501,1004
/content/drive/MyDrive/mobilenetv3_step2/person_crops/train/low_light_walk_31_person00.jpg,/content/drive/MyDrive/mobilenetv3_step2/fall_dataset/train/images/low_light_walk_31.JPG,0.169364,0.283246,0.345113,0.869743,666,743,1358,2282,0.7984,760,1693
/content/drive/MyDrive/mobilenetv3_step2/person_crops/train/low_light_walk_31_person01.jpg,/content/drive/MyDrive/mobilenetv3_step2/fall_dataset/train/images/low_light_walk_31.JPG,0.449822,0.216717,0.617964,0.658351,1770,568,2432,1727,0.6196,728,1275
/content/drive/MyDrive/mobilenetv3_step2/person_crops/train/low_light_walk_31_person02.jpg,/content/drive/MyDrive/mobilenetv3_step2/fall_dataset/train/images/low_light_walk_31.JPG,0.0,0.355442,0.187472,0.748606,0,932,737,1964,0.6023,774,1134
/content/drive/MyDrive/mobilenetv3_step2/person_crops/train/low_light_walk_32_person00.jpg,/content/drive/MyDrive/mobilenetv3_step2/fall_dataset/train/images/low_light_walk_32.JPG,0.66508,0.298829,0.839859,0.602431,2617,784,3305,1580,0.6342,757,876
/content/drive/MyDrive/mobilenetv3_step2/person_crops/train/low_light_walk_33_person00.jpg,/content/drive/MyDrive/mobilenetv3_step2/fall_dataset/train/images/low_light_walk_33.JPG,0.606858,0.245633,0.74506,0.771558,2388,644,2932,2024,0.7998,598,1518
/content/drive/MyDrive/mobilenetv3_step2/person_crops/train/low_light_walk_34_person00.jpg,/content/drive/MyDrive/mobilenetv3_step2/fall_dataset/train/images/low_light_walk_34.JPG,0.550089,0.237939,0.8154,0.983443,2165,624,3209,2580,0.7346,1149,2098
/content/drive/MyDrive/mobilenetv3_step2/person_crops/train/low_light_walk_35_person00.jpg,/content/drive/MyDrive/mobilenetv3_step2/fall_dataset/train/images/low_light_walk_35.JPG,0.212479,0.164379,0.460795,0.940103,836,431,1813,2466,0.7715,1075,2239
/content/drive/MyDrive/mobilenetv3_step2/person_crops/train/low_light_walk_36_person00.jpg,/content/drive/MyDrive/mobilenetv3_step2/fall_dataset/train/images/low_light_walk_36.JPG,0.494666,0.272352,0.604327,0.761272,1947,714,2378,1997,0.5944,475,1411
/content/drive/MyDrive/mobilenetv3_step2/person_crops/train/low_light_walk_37_person00.jpg,/content/drive/MyDrive/mobilenetv3_step2/fall_dataset/train/images/low_light_walk_37.JPG,0.213316,0.436379,0.383905,0.863246,839,1145,1511,2265,0.6488,738,1232
/content/drive/MyDrive/mobilenetv3_step2/person_crops/train/low_light_walk_38_person00.jpg,/content/drive/MyDrive/mobilenetv3_step2/fall_dataset/train/images/low_light_walk_38.JPG,0.337557,0.192413,0.448626,0.533336,1328,504,1765,1399,0.6048,481,984
/content/drive/MyDrive/mobilenetv3_step2/person_crops/train/low_light_walk_38_person01.jpg,/content/drive/MyDrive/mobilenetv3_step2/fall_dataset/train/images/low_light_walk_38.JPG,0.365523,0.226017,0.52688,0.550512,1438,593,2073,1444,0.5958,699,937
/content/drive/MyDrive/mobilenetv3_step2/person_crops/train/low_light_walk_38_person02.jpg,/content/drive/MyDrive/mobilenetv3_step2/fall_dataset/train/images/low_light_walk_38.JPG,0.138173,0.399447,0.235474,0.805164,543,1048,926,2112,0.5894,421,1171
/content/drive/MyDrive/mobilenetv3_step2/person_crops/train/low_light_walk_39_person00.jpg,/content/drive/MyDrive/mobilenetv3_step2/fall_dataset/train/images/low_light_walk_39.JPG,0.335894,0.19121,0.571459,0.877909,1322,501,2249,2303,0.7194,1020,1982
/content/drive/MyDrive/mobilenetv3_step2/person_crops/train/low_light_walk_4_person00.jpg,/content/drive/MyDrive/mobilenetv3_step2/fall_dataset/train/images/low_light_walk_4.jpg,0.285517,0.0,0.518831,0.251908,365,0,664,257,0.7925,329,270
/content/drive/MyDrive/mobilenetv3_step2/person_crops/train/low_light_walk_4_person01.jpg,/content/drive/MyDrive/mobilenetv3_step2/fall_dataset/train/images/low_light_walk_4.jpg,0.551768,0.07964,0.695621,0.419162,706,81,890,429,0.6307,202,382
/content/drive/MyDrive/mobilenetv3_step2/person_crops/train/low_light_walk_4_person02.jpg,/content/drive/MyDrive/mobilenetv3_step2/fall_dataset/train/images/low_light_walk_4.jpg,0.679819,0.0,0.977874,0.320166,870,0,1251,327,0.5776,419,344
/content/drive/MyDrive/mobilenetv3_step2/person_crops/train/low_light_walk_4_person03.jpg,/content/drive/MyDrive/mobilenetv3_step2/fall_dataset/train/images/low_light_walk_4.jpg,0.760996,0.0,0.919873,0.285811,974,0,1177,292,0.5729,224,307
/content/drive/MyDrive/mobilenetv3_step2/person_crops/train/low_light_walk_40_person00.jpg,/content/drive/MyDrive/mobilenetv3_step2/fall_dataset/train/images/low_light_walk_40.JPG,0.525006,0.318662,0.637061,0.87301,2066,836,2507,2290,0.7223,485,1600
/content/drive/MyDrive/mobilenetv3_step2/person_crops/train/low_light_walk_41_person00.jpg,/content/drive/MyDrive/mobilenetv3_step2/fall_dataset/train/images/low_light_walk_41.JPG,0.283268,0.450697,0.405846,1.0,1114,1182,1597,2624,0.6845,531,1514
/content/drive/MyDrive/mobilenetv3_step2/person_crops/train/low_light_walk_41_person01.jpg,/content/drive/MyDrive/mobilenetv3_step2/fall_dataset/train/images/low_light_walk_41.JPG,0.162047,0.42921,0.284588,0.930844,637,1126,1120,2442,0.6472,531,1448
/content/drive/MyDrive/mobilenetv3_step2/person_crops/train/low_light_walk_41_person02.jpg,/content/drive/MyDrive/mobilenetv3_step2/fall_dataset/train/images/low_light_walk_41.JPG,0.455901,0.473263,0.525063,0.625939,1794,1241,2066,1642,0.6441,300,441
/content/drive/MyDrive/mobilenetv3_step2/person_crops/train/low_light_walk_41_person03.jpg,/content/drive/MyDrive/mobilenetv3_step2/fall_dataset/train/images/low_light_walk_41.JPG,0.782745,0.462531,0.85875,0.713494,3080,1213,3380,1872,0.6295,329,725
/content/drive/MyDrive/mobilenetv3_step2/person_crops/train/low_light_walk_41_person04.jpg,/content/drive/MyDrive/mobilenetv3_step2/fall_dataset/train/images/low_light_walk_41.JPG,0.187195,0.428318,0.372765,0.985626,736,1123,1467,2586,0.5602,803,1574
/content/drive/MyDrive/mobilenetv3_step2/person_crops/train/low_light_walk_42_person00.jpg,/content/drive/MyDrive/mobilenetv3_step2/fall_dataset/train/images/low_light_walk_42.JPG,0.649276,0.427748,0.857475,1.0,2555,1122,3375,2624,0.7942,901,1577
/content/drive/MyDrive/mobilenetv3_step2/person_crops/train/low_light_walk_42_person01.jpg,/content/drive/MyDrive/mobilenetv3_step2/fall_dataset/train/images/low_light_walk_42.JPG,0.536143,0.399857,0.627187,0.763152,2110,1049,2468,2002,0.5735,394,1049
/content/drive/MyDrive/mobilenetv3_step2/person_crops/train/low_light_walk_43_person00.jpg,/content/drive/MyDrive/mobilenetv3_step2/fall_dataset/train/images/low_light_walk_43.JPG,0.374587,0.289608,0.557077,0.869452,1474,759,2192,2281,0.811,790,1674
/content/drive/MyDrive/mobilenetv3_step2/person_crops/train/low_light_walk_44_person00.jpg,/content/drive/MyDrive/mobilenetv3_step2/fall_dataset/train/images/low_light_walk_44.JPG,0.520254,0.009659,0.765347,0.869668,2047,25,3012,2282,0.705,1061,2394
/content/drive/MyDrive/mobilenetv3_step2/person_crops/train/low_light_walk_45_person00.jpg,/content/drive/MyDrive/mobilenetv3_step2/fall_dataset/train/images/low_light_walk_45.JPG,0.435793,0.358427,0.646041,0.930027,1715,940,2542,2440,0.8173,911,1650
/content/drive/MyDrive/mobilenetv3_step2/person_crops/train/low_light_walk_47_person00.jpg,/content/drive/MyDrive/mobilenetv3_step2/fall_dataset/train/images/low_light_walk_47.JPG,0.287966,0.381777,0.386145,0.828218,1133,1001,1519,2173,0.6516,425,1288
/content/drive/MyDrive/mobilenetv3_step2/person_crops/train/low_light_walk_47_person01.jpg,/content/drive/MyDrive/mobilenetv3_step2/fall_dataset/train/images/low_light_walk_47.JPG,0.450927,0.405898,0.52089,0.792206,1774,1065,2050,2078,0.5866,302,1115
/content/drive/MyDrive/mobilenetv3_step2/person_crops/train/low_light_walk_48_person00.jpg,/content/drive/MyDrive/mobilenetv3_step2/fall_dataset/train/images/low_light_walk_48.JPG,0.28066,0.163998,0.480241,0.917577,1104,430,1890,2407,0.7513,864,2175
/content/drive/MyDrive/mobilenetv3_step2/person_crops/train/low_light_walk_48_person01.jpg,/content/drive/MyDrive/mobilenetv3_step2/fall_dataset/train/images/low_light_walk_48.JPG,0.475969,0.14206,0.66301,0.693213,1873,372,2609,1818,0.6284,810,1591
/content/drive/MyDrive/mobilenetv3_step2/person_crops/train/low_light_walk_49_person00.jpg,/content/drive/MyDrive/mobilenetv3_step2/fall_dataset/train/images/low_light_walk_49.JPG,0.259395,0.330459,0.38036,0.837973,1020,867,1497,2198,0.7665,523,1465
/content/drive/MyDrive/mobilenetv3_step2/person_crops/train/low_light_walk_49_person01.jpg,/content/drive/MyDrive/mobilenetv3_step2/fall_dataset/train/images/low_light_walk_49.JPG,0.833817,0.285637,0.970293,0.777955,3281,749,3819,2041,0.7011,590,1421
/content/drive/MyDrive/mobilenetv3_step2/person_crops/train/low_light_walk_5_person00.jpg,/content/drive/MyDrive/mobilenetv3_step2/fall_dataset/train/images/low_light_walk_5.jpg,0.815452,0.741388,1.0,1.0,1043,759,1280,1024,0.7222,249,279
/content/drive/MyDrive/mobilenetv3_step2/person_crops/train/low_light_walk_5_person01.jpg,/content/drive/MyDrive/mobilenetv3_step2/fall_dataset/train/images/low_light_walk_5.jpg,0.548957,0.699497,0.769484,1.0,702,716,984,1024,0.681,311,324
/content/drive/MyDrive/mobilenetv3_step2/person_crops/train/low_light_walk_50_person00.jpg,/content/drive/MyDrive/mobilenetv3_step2/fall_dataset/train/images/low_light_walk_50.JPG,0.222808,0.21551,0.328053,0.717969,876,565,1291,1883,0.7974,455,1450
/content/drive/MyDrive/mobilenetv3_step2/person_crops/train/low_light_walk_50_person01.jpg,/content/drive/MyDrive/mobilenetv3_step2/fall_dataset/train/images/low_light_walk_50.JPG,0.331821,0.224941,0.381146,0.387255,1306,590,1500,1016,0.6026,213,469
/content/drive/MyDrive/mobilenetv3_step2/person_crops/train/low_light_walk_51_person00.jpg,/content/drive/MyDrive/mobilenetv3_step2/fall_dataset/train/images/low_light_walk_51.JPG,0.392937,0.235481,0.613881,0.981454,1546,617,2416,2575,0.6557,956,2104
/content/drive/MyDrive/mobilenetv3_step2/person_crops/train/low_light_walk_52_person00.jpg,/content/drive/MyDrive/mobilenetv3_step2/fall_dataset/train/images/low_light_walk_52.JPG,0.836195,0.234178,0.929776,0.729852,3291,614,3659,1915,0.7938,406,1431
/content/drive/MyDrive/mobilenetv3_step2/person_crops/train/low_light_walk_52_person01.jpg,/content/drive/MyDrive/mobilenetv3_step2/fall_dataset/train/images/low_light_walk_52.JPG,0.377174,0.297972,0.661823,0.757401,1484,781,2604,1987,0.6852,1232,1326
/content/drive/MyDrive/mobilenetv3_step2/person_crops/train/low_light_walk_53_person00.jpg,/content/drive/MyDrive/mobilenetv3_step2/fall_dataset/train/images/low_light_walk_53.JPG,0.363726,0.300978,0.547287,0.946626,1431,789,2154,2483,0.7902,795,1863
/content/drive/MyDrive/mobilenetv3_step2/person_crops/train/low_light_walk_53_person01.jpg,/content/drive/MyDrive/mobilenetv3_step2/fall_dataset/train/images/low_light_walk_53.JPG,0.549019,0.346428,0.688531,0.920709,2160,909,2710,2415,0.6108,604,1658
/content/drive/MyDrive/mobilenetv3_step2/person_crops/train/low_light_walk_54_person00.jpg,/content/drive/MyDrive/mobilenetv3_step2/fall_dataset/train/images/low_light_walk_54.JPG,0.42483,0.24321,0.638581,0.946865,1672,638,2513,2484,0.622,925,2031
/content/drive/MyDrive/mobilenetv3_step2/person_crops/train/low_light_walk_55_person00.jpg,/content/drive/MyDrive/mobilenetv3_step2/fall_dataset/train/images/low_light_walk_55.JPG,0.321125,0.138435,0.596045,0.939262,1263,363,2346,2464,0.6436,1191,2311
/content/drive/MyDrive/mobilenetv3_step2/person_crops/train/low_light_walk_56_person00.jpg,/content/drive/MyDrive/mobilenetv3_step2/fall_dataset/train/images/low_light_walk_56.jpg,0.083547,0.131509,0.374522,0.949468,57,50,256,366,0.7689,219,348
/content/drive/MyDrive/mobilenetv3_step2/person_crops/train/low_light_walk_56_person01.jpg,/content/drive/MyDrive/mobilenetv3_step2/fall_dataset/train/images/low_light_walk_56.jpg,0.618611,0.158779,0.814306,0.95127,424,61,558,367,0.7115,148,337
/content/drive/MyDrive/mobilenetv3_step2/person_crops/train/low_light_walk_57_person00.jpg,/content/drive/MyDrive/mobilenetv3_step2/fall_dataset/train/images/low_light_walk_57.jpg,0.341511,0.047828,0.552333,0.737637,184,17,298,265,0.6817,125,273
/content/drive/MyDrive/mobilenetv3_step2/person_crops/train/low_light_walk_57_person01.jpg,/content/drive/MyDrive/mobilenetv3_step2/fall_dataset/train/images/low_light_walk_57.jpg,0.682994,0.040817,0.825595,0.506015,368,14,445,182,0.6304,85,184
/content/drive/MyDrive/mobilenetv3_step2/person_crops/train/low_light_walk_57_person02.jpg,/content/drive/MyDrive/mobilenetv3_step2/fall_dataset/train/images/low_light_walk_57.jpg,0.0664,0.083547,0.255078,0.286118,35,30,137,103,0.618,112,80
/content/drive/MyDrive/mobilenetv3_step2/person_crops/train/low_light_walk_58_person00.jpg,/content/drive/MyDrive/mobilenetv3_step2/fall_dataset/train/images/low_light_walk_58.jpg,0.503251,0.320913,0.651639,0.739252,515,208,667,479,0.6601,167,299
/content/drive/MyDrive/mobilenetv3_step2/person_crops/train/low_light_walk_59_person00.jpg,/content/drive/MyDrive/mobilenetv3_step2/fall_dataset/train/images/low_light_walk_59.jpg,0.121004,0.053949,0.328382,0.617181,110,32,298,374,0.8622,208,376
/content/drive/MyDrive/mobilenetv3_step2/person_crops/train/low_light_walk_59_person01.jpg,/content/drive/MyDrive/mobilenetv3_step2/fall_dataset/train/images/low_light_walk_59.jpg,0.531522,0.041596,0.607517,0.221408,483,25,552,134,0.6613,76,120
/content/drive/MyDrive/mobilenetv3_step2/person_crops/train/low_light_walk_59_person02.jpg,/content/drive/MyDrive/mobilenetv3_step2/fall_dataset/train/images/low_light_walk_59.jpg,0.756928,0.0,0.88717,0.246055,688,0,807,149,0.5536,131,156
/content/drive/MyDrive/mobilenetv3_step2/person_crops/train/low_light_walk_6_person00.jpg,/content/drive/MyDrive/mobilenetv3_step2/fall_dataset/train/images/low_light_walk_6.jpg,0.153713,0.657236,0.322569,1.0,196,673,412,1024,0.614,238,369
/content/drive/MyDrive/mobilenetv3_step2/person_crops/train/low_light_walk_6_person01.jpg,/content/drive/MyDrive/mobilenetv3_step2/fall_dataset/train/images/low_light_walk_6.jpg,0.373003,0.703806,0.50154,1.0,477,720,641,1024,0.5828,181,319
/content/drive/MyDrive/mobilenetv3_step2/person_crops/train/low_light_walk_60_person00.jpg,/content/drive/MyDrive/mobilenetv3_step2/fall_dataset/train/images/low_light_walk_60.jpg,0.650656,0.409561,0.775908,0.706269,416,327,496,565,0.7058,88,261
/content/drive/MyDrive/mobilenetv3_step2/person_crops/train/low_light_walk_60_person01.jpg,/content/drive/MyDrive/mobilenetv3_step2/fall_dataset/train/images/low_light_walk_60.jpg,0.524709,0.264678,0.712704,0.44935,335,211,456,359,0.6038,133,162
/content/drive/MyDrive/mobilenetv3_step2/person_crops/train/low_light_walk_7_person00.jpg,/content/drive/MyDrive/mobilenetv3_step2/fall_dataset/train/images/low_light_walk_7.jpg,0.398114,0.601048,0.637001,1.0,509,615,815,1024,0.7315,336,429
/content/drive/MyDrive/mobilenetv3_step2/person_crops/train/low_light_walk_7_person01.jpg,/content/drive/MyDrive/mobilenetv3_step2/fall_dataset/train/images/low_light_walk_7.jpg,0.198222,0.601452,0.359275,0.964634,253,615,459,987,0.6547,227,409
/content/drive/MyDrive/mobilenetv3_step2/person_crops/train/low_light_walk_8_person00.jpg,/content/drive/MyDrive/mobilenetv3_step2/fall_dataset/train/images/low_light_walk_8.jpg,0.777714,0.414958,0.962468,0.789976,995,424,1231,808,0.6051,260,423
/content/drive/MyDrive/mobilenetv3_step2/person_crops/train/low_light_walk_8_person01.jpg,/content/drive/MyDrive/mobilenetv3_step2/fall_dataset/train/images/low_light_walk_8.jpg,0.145016,0.709486,0.32557,1.0,185,726,416,1024,0.5537,254,313
/content/drive/MyDrive/mobilenetv3_step2/person_crops/train/low_light_walk_9_person00.jpg,/content/drive/MyDrive/mobilenetv3_step2/fall_dataset/train/images/low_light_walk_9.jpg,0.573136,0.159902,0.777702,0.50982,733,163,995,522,0.6105,288,394
/content/drive/MyDrive/mobilenetv3_step2/person_crops/train/not fallen001_person00.jpg,/content/drive/MyDrive/mobilenetv3_step2/fall_dataset/train/images/not fallen001.jpg,0.250636,0.128331,0.934096,0.965022,154,52,574,394,0.5677,462,374
/content/drive/MyDrive/mobilenetv3_step2/person_crops/train/not fallen002_person00.jpg,/content/drive/MyDrive/mobilenetv3_step2/fall_dataset/train/images/not fallen002.jpg,0.481749,0.392536,0.597108,0.94744,1233,565,1528,1364,0.6695,325,879
/content/drive/MyDrive/mobilenetv3_step2/person_crops/train/not fallen002_person01.jpg,/content/drive/MyDrive/mobilenetv3_step2/fall_dataset/train/images/not fallen002.jpg,0.654946,0.256575,0.919299,0.627119,1676,369,2353,903,0.5771,745,587
/content/drive/MyDrive/mobilenetv3_step2/person_crops/train/not fallen002_person02.jpg,/content/drive/MyDrive/mobilenetv3_step2/fall_dataset/train/images/not fallen002.jpg,0.83228,0.0,1.0,0.174787,2130,0,2560,251,0.5659,451,264
/content/drive/MyDrive/mobilenetv3_step2/person_crops/train/not fallen003_person00.jpg,/content/drive/MyDrive/mobilenetv3_step2/fall_dataset/train/images/not fallen003.jpg,0.169029,0.269582,0.690019,0.948187,219,233,897,821,0.6079,745,646
/content/drive/MyDrive/mobilenetv3_step2/person_crops/train/not fallen004_person00.jpg,/content/drive/MyDrive/mobilenetv3_step2/fall_dataset/train/images/not fallen004.jpg,0.163276,0.318372,0.478335,0.899159,195,573,574,1619,0.7862,415,1150
/content/drive/MyDrive/mobilenetv3_step2/person_crops/train/not fallen005_person00.jpg,/content/drive/MyDrive/mobilenetv3_step2/fall_dataset/train/images/not fallen005.jpg,0.000873,0.174205,0.552902,1.0,0,71,340,409,0.6975,357,355
/content/drive/MyDrive/mobilenetv3_step2/person_crops/train/not fallen006_person00.jpg,/content/drive/MyDrive/mobilenetv3_step2/fall_dataset/train/images/not fallen006.jpg,0.184862,0.082511,0.798049,0.738209,33,22,146,203,0.721,123,199
/content/drive/MyDrive/mobilenetv3_step2/person_crops/train/not fallen007_person00.jpg,/content/drive/MyDrive/mobilenetv3_step2/fall_dataset/train/images/not fallen007.jpg,0.365955,0.106978,0.73513,0.973911,109,17,220,163,0.7807,122,158
/content/drive/MyDrive/mobilenetv3_step2/person_crops/train/not fallen008_person00.jpg,/content/drive/MyDrive/mobilenetv3_step2/fall_dataset/train/images/not fallen008.jpg,0.310823,0.225688,0.711393,1.0,87,40,201,178,0.7062,124,145
/content/drive/MyDrive/mobilenetv3_step2/person_crops/train/not fallen009_person00.jpg,/content/drive/MyDrive/mobilenetv3_step2/fall_dataset/train/images/not fallen009.jpg,0.183938,0.089043,0.737671,1.0,50,16,202,183,0.7042,168,176
/content/drive/MyDrive/mobilenetv3_step2/person_crops/train/not fallen010_person00.jpg,/content/drive/MyDrive/mobilenetv3_step2/fall_dataset/train/images/not fallen010.jpg,0.087605,0.318754,0.512938,1.0,24,58,141,183,0.8288,128,131
/content/drive/MyDrive/mobilenetv3_step2/person_crops/train/not fallen011_person00.jpg,/content/drive/MyDrive/mobilenetv3_step2/fall_dataset/train/images/not fallen011.jpg,0.328256,0.147229,0.694655,0.974376,90,26,192,177,0.696,112,163
/content/drive/MyDrive/mobilenetv3_step2/person_crops/train/not fallen012_person00.jpg,/content/drive/MyDrive/mobilenetv3_step2/fall_dataset/train/images/not fallen012.jpg,0.365285,0.240484,0.786033,1.0,100,44,216,183,0.7629,127,146
/content/drive/MyDrive/mobilenetv3_step2/person_crops/train/not fallen013_person00.jpg,/content/drive/MyDrive/mobilenetv3_step2/fall_dataset/train/images/not fallen013.jpg,0.337548,0.085992,1.0,0.986544,92,15,275,180,0.6655,192,176
/content/drive/MyDrive/mobilenetv3_step2/person_crops/train/not fallen014_person00.jpg,/content/drive/MyDrive/mobilenetv3_step2/fall_dataset/train/images/not fallen014.jpg,0.024384,0.252853,0.859455,1.0,6,46,236,183,0.6771,247,144
/content/drive/MyDrive/mobilenetv3_step2/person_crops/train/not fallen015_person00.jpg,/content/drive/MyDrive/mobilenetv3_step2/fall_dataset/train/images/not fallen015.jpg,0.083666,0.082641,1.0,1.0,22,15,273,185,0.6276,263,179
/content/drive/MyDrive/mobilenetv3_step2/person_crops/train/not fallen015_person01.jpg,/content/drive/MyDrive/mobilenetv3_step2/fall_dataset/train/images/not fallen015.jpg,0.0,0.698964,0.327599,1.0,0,129,89,185,0.5619,93,59
/content/drive/MyDrive/mobilenetv3_step2/person_crops/train/not fallen016_person00.jpg,/content/drive/MyDrive/mobilenetv3_step2/fall_dataset/train/images/not fallen016.jpg,0.141295,0.139161,0.898523,0.891957,26,37,166,243,0.8523,154,226
/content/drive/MyDrive/mobilenetv3_step2/person_crops/train/not fallen017_person00.jpg,/content/drive/MyDrive/mobilenetv3_step2/fall_dataset/train/images/not fallen017.jpg,0.079249,0.228793,0.225504,0.42739,14,62,41,117,0.63,29,60
/content/drive/MyDrive/mobilenetv3_step2/person_crops/train/not fallen017_person01.jpg,/content/drive/MyDrive/mobilenetv3_step2/fall_dataset/train/images/not fallen017.jpg,0.287543,0.241219,0.501887,0.416166,52,66,91,114,0.5724,43,53
/content/drive/MyDrive/mobilenetv3_step2/person_crops/train/not fallen018_person00.jpg,/content/drive/MyDrive/mobilenetv3_step2/fall_dataset/train/images/not fallen018.jpg,0.703895,0.165458,0.901423,0.530042,193,30,247,96,0.6022,60,74
/content/drive/MyDrive/mobilenetv3_step2/person_crops/train/not fallen018_person01.jpg,/content/drive/MyDrive/mobilenetv3_step2/fall_dataset/train/images/not fallen018.jpg,0.0,0.16197,0.857203,1.0,0,29,235,183,0.5587,247,162
/content/drive/MyDrive/mobilenetv3_step2/person_crops/train/not fallen019_person00.jpg,/content/drive/MyDrive/mobilenetv3_step2/fall_dataset/train/images/not fallen019.jpg,0.050561,0.194523,1.0,0.821744,13,37,263,157,0.6398,263,132
/content/drive/MyDrive/mobilenetv3_step2/person_crops/train/not fallen020_person00.jpg,/content/drive/MyDrive/mobilenetv3_step2/fall_dataset/train/images/not fallen020.jpg,0.185853,0.159385,0.761908,0.909363,51,29,210,166,0.5685,175,151
/content/drive/MyDrive/mobilenetv3_step2/person_crops/train/not fallen020_person00.jpg,/content/drive/MyDrive/mobilenetv3_step2/fall_dataset/train/images/not fallen020.png,0.138967,0.23903,0.828354,0.923323,44,57,265,221,0.5638,243,180
/content/drive/MyDrive/mobilenetv3_step2/person_crops/train/not fallen021_person00.jpg,/content/drive/MyDrive/mobilenetv3_step2/fall_dataset/train/images/not fallen021.jpg,0.326278,0.088146,0.754294,1.0,100,14,233,163,0.6906,145,157
/content/drive/MyDrive/mobilenetv3_step2/person_crops/train/not fallen022_person00.jpg,/content/drive/MyDrive/mobilenetv3_step2/fall_dataset/train/images/not fallen022.jpg,0.113984,0.143835,0.664466,0.920979,30,26,180,171,0.6643,164,159
/content/drive/MyDrive/mobilenetv3_step2/person_crops/train/not fallen022_person00.jpg,/content/drive/MyDrive/mobilenetv3_step2/fall_dataset/train/images/not fallen022.png,0.116122,0.157419,0.724254,0.925873,37,37,231,222,0.6293,214,203
/content/drive/MyDrive/mobilenetv3_step2/person_crops/train/not fallen023_person00.jpg,/content/drive/MyDrive/mobilenetv3_step2/fall_dataset/train/images/not fallen023.jpg,0.527548,0.196277,0.802023,1.0,145,35,220,183,0.7255,83,155
/content/drive/MyDrive/mobilenetv3_step2/person_crops/train/not fallen023_person00.jpg,/content/drive/MyDrive/mobilenetv3_step2/fall_dataset/train/images/not fallen023.png,0.082976,0.158799,0.73039,0.91368,26,38,233,219,0.5845,228,199
/content/drive/MyDrive/mobilenetv3_step2/person_crops/train/not fallen024_person00.jpg,/content/drive/MyDrive/mobilenetv3_step2/fall_dataset/train/images/not fallen024.jpg,0.313134,0.205185,0.422901,0.548435,82,39,110,105,0.7554,32,73
/content/drive/MyDrive/mobilenetv3_step2/person_crops/train/not fallen024_person01.jpg,/content/drive/MyDrive/mobilenetv3_step2/fall_dataset/train/images/not fallen024.jpg,0.783772,0.162347,0.924322,0.580966,205,31,242,112,0.6118,41,89
/content/drive/MyDrive/mobilenetv3_step2/person_crops/train/not fallen024_person02.jpg,/content/drive/MyDrive/mobilenetv3_step2/fall_dataset/train/images/not fallen024.jpg,0.432719,0.120773,0.609139,0.924565,113,23,159,178,0.604,50,171
/content/drive/MyDrive/mobilenetv3_step2/person_crops/train/not fallen024_person03.jpg,/content/drive/MyDrive/mobilenetv3_step2/fall_dataset/train/images/not fallen024.jpg,0.733816,0.164755,0.845042,0.579903,192,31,221,111,0.5576,32,88
/content/drive/MyDrive/mobilenetv3_step2/person_crops/train/not fallen024_person00.jpg,/content/drive/MyDrive/mobilenetv3_step2/fall_dataset/train/images/not fallen024.png,0.10775,0.161262,0.743354,0.915573,34,38,237,219,0.5961,224,199
/content/drive/MyDrive/mobilenetv3_step2/person_crops/train/not fallen025_person00.jpg,/content/drive/MyDrive/mobilenetv3_step2/fall_dataset/train/images/not fallen025.jpg,0.484782,0.219598,0.728569,1.0,133,40,200,183,0.5906,74,150
/content/drive/MyDrive/mobilenetv3_step2/person_crops/train/not fallen026_person00.jpg,/content/drive/MyDrive/mobilenetv3_step2/fall_dataset/train/images/not fallen026.jpg,0.136123,0.18618,0.347163,0.913273,35,36,89,177,0.6648,60,155
/content/drive/MyDrive/mobilenetv3_step2/person_crops/train/not fallen026_person00.jpg,/content/drive/MyDrive/mobilenetv3_step2/fall_dataset/train/images/not fallen026.png,0.111142,0.210826,0.478919,0.954071,35,50,153,228,0.5669,130,196
/content/drive/MyDrive/mobilenetv3_step2/person_crops/train/not fallen027_person00.jpg,/content/drive/MyDrive/mobilenetv3_step2/fall_dataset/train/images/not fallen027.jpg,0.412216,0.241383,0.580338,1.0,113,44,159,183,0.7615,50,146
/content/drive/MyDrive/mobilenetv3_step2/person_crops/train/not fallen027_person01.jpg,/content/drive/MyDrive/mobilenetv3_step2/fall_dataset/train/images/not fallen027.jpg,0.119313,0.295284,0.203808,0.660108,32,54,56,120,0.6149,26,74
/content/drive/MyDrive/mobilenetv3_step2/person_crops/train/not fallen027_person02.jpg,/content/drive/MyDrive/mobilenetv3_step2/fall_dataset/train/images/not fallen027.jpg,0.266536,0.266516,0.372474,0.585588,73,48,102,107,0.5757,32,65
/content/drive/MyDrive/mobilenetv3_step2/person_crops/train/not fallen028_person00.jpg,/content/drive/MyDrive/mobilenetv3_step2/fall_dataset/train/images/not fallen028.jpg,0.551494,0.28333,0.774807,0.892223,151,51,213,163,0.7751,68,122
/content/drive/MyDrive/mobilenetv3_step2/person_crops/train/not fallen028_person01.jpg,/content/drive/MyDrive/mobilenetv3_step2/fall_dataset/train/images/not fallen028.jpg,0.478419,0.0,0.684615,0.219038,131,0,188,40,0.6678,63,42
/content/drive/MyDrive/mobilenetv3_step2/person_crops/train/not fallen029_person00.jpg,/content/drive/MyDrive/mobilenetv3_step2/fall_dataset/train/images/not fallen029.jpg,0.437607,0.249285,0.564267,0.90354,130,41,168,151,0.8055,42,121
/content/drive/MyDrive/mobilenetv3_step2/person_crops/train/not fallen029_person01.jpg,/content/drive/MyDrive/mobilenetv3_step2/fall_dataset/train/images/not fallen029.jpg,0.036256,0.604784,0.308599,0.957187,10,101,92,160,0.578,90,65
/content/drive/MyDrive/mobilenetv3_step2/person_crops/train/not fallen030_person00.jpg,/content/drive/MyDrive/mobilenetv3_step2/fall_dataset/train/images/not fallen030.jpg,0.209256,0.121082,0.654727,0.899235,55,23,173,170,0.7702,130,163
/content/drive/MyDrive/mobilenetv3_step2/person_crops/train/not fallen030_person00.jpg,/content/drive/MyDrive/mobilenetv3_step2/fall_dataset/train/images/not fallen030.png,0.111046,0.163965,0.726633,0.92826,35,39,232,222,0.6058,217,201
/content/drive/MyDrive/mobilenetv3_step2/person_crops/train/not fallen031_person00.jpg,/content/drive/MyDrive/mobilenetv3_step2/fall_dataset/train/images/not fallen031.jpg,0.25657,0.297222,0.747506,0.943551,46,81,136,259,0.8341,99,196
/content/drive/MyDrive/mobilenetv3_step2/person_crops/train/not fallen031_person00.jpg,/content/drive/MyDrive/mobilenetv3_step2/fall_dataset/train/images/not fallen031.png,0.14016,0.157484,0.721306,0.912261,44,37,230,218,0.6128,205,199
/content/drive/MyDrive/mobilenetv3_step2/person_crops/train/not fallen032_person00.jpg,/content/drive/MyDrive/mobilenetv3_step2/fall_dataset/train/images/not fallen032.jpg,0.110056,0.076465,0.725665,0.898839,29,14,192,170,0.7589,179,172
/content/drive/MyDrive/mobilenetv3_step2/person_crops/train/not fallen032_person00.jpg,/content/drive/MyDrive/mobilenetv3_step2/fall_dataset/train/images/not fallen032.png,0.122131,0.143852,0.739932,0.930745,39,34,236,223,0.6094,217,207
/content/drive/MyDrive/mobilenetv3_step2/person_crops/train/not fallen033_person00.jpg,/content/drive/MyDrive/mobilenetv3_step2/fall_dataset/train/images/not fallen033.jpg,0.122143,0.214676,0.909504,0.880454,23,55,176,228,0.717,168,190
/content/drive/MyDrive/mobilenetv3_step2/person_crops/train/not fallen033_person00.jpg,/content/drive/MyDrive/mobilenetv3_step2/fall_dataset/train/images/not fallen033.png,0.103954,0.13775,0.7705,0.936618,33,33,246,224,0.6124,235,211
/content/drive/MyDrive/mobilenetv3_step2/person_crops/train/not fallen034_person00.jpg,/content/drive/MyDrive/mobilenetv3_step2/fall_dataset/train/images/not fallen034.jpg,0.404513,0.126516,0.77621,1.0,111,23,213,183,0.6262,112,168
/content/drive/MyDrive/mobilenetv3_step2/person_crops/train/not fallen034_person00.jpg,/content/drive/MyDrive/mobilenetv3_step2/fall_dataset/train/images/not fallen034.png,0.100854,0.133872,0.774319,0.937898,32,32,247,225,0.6207,237,212
/content/drive/MyDrive/mobilenetv3_step2/person_crops/train/not fallen035_person00.jpg,/content/drive/MyDrive/mobilenetv3_step2/fall_dataset/train/images/not fallen035.jpg,0.097001,0.295555,0.674038,0.984914,26,54,185,180,0.7318,175,136
/content/drive/MyDrive/mobilenetv3_step2/person_crops/train/not fallen036_person00.jpg,/content/drive/MyDrive/mobilenetv3_step2/fall_dataset/train/images/not fallen036.jpg,0.067761,0.122622,0.53783,0.966062,18,22,147,176,0.6148,142,169
/content/drive/MyDrive/mobilenetv3_step2/person_crops/train/not fallen037_person00.jpg,/content/drive/MyDrive/mobilenetv3_step2/fall_dataset/train/images/not fallen037.jpg,0.107928,0.194689,0.749576,0.951021,29,35,206,174,0.6587,194,152
/content/drive/MyDrive/mobilenetv3_step2/person_crops/train/not fallen037_person00.jpg,/content/drive/MyDrive/mobilenetv3_step2/fall_dataset/train/images/not fallen037.png,0.133015,0.146259,0.791466,0.91285,42,35,253,219,0.5644,231,203
/content/drive/MyDrive/mobilenetv3_step2/person_crops/train/not fallen038_person00.jpg,/content/drive/MyDrive/mobilenetv3_step2/fall_dataset/train/images/not fallen038.jpg,0.384028,0.235715,0.657804,0.814541,105,43,180,149,0.7536,83,117
/content/drive/MyDrive/mobilenetv3_step2/person_crops/train/not fallen039_person00.jpg,/content/drive/MyDrive/mobilenetv3_step2/fall_dataset/train/images/not fallen039.jpg,0.489949,0.255659,0.836139,0.877904,128,49,219,168,0.7558,100,131
/content/drive/MyDrive/mobilenetv3_step2/person_crops/train/not fallen040_person00.jpg,/content/drive/MyDrive/mobilenetv3_step2/fall_dataset/train/images/not fallen040.jpg,0.313134,0.205185,0.422901,0.548435,82,39,110,105,0.7554,32,73
/content/drive/MyDrive/mobilenetv3_step2/person_crops/train/not fallen040_person01.jpg,/content/drive/MyDrive/mobilenetv3_step2/fall_dataset/train/images/not fallen040.jpg,0.783772,0.162347,0.924322,0.580966,205,31,242,112,0.6118,41,89
/content/drive/MyDrive/mobilenetv3_step2/person_crops/train/not fallen040_person02.jpg,/content/drive/MyDrive/mobilenetv3_step2/fall_dataset/train/images/not fallen040.jpg,0.432719,0.120773,0.609139,0.924565,113,23,159,178,0.604,50,171
/content/drive/MyDrive/mobilenetv3_step2/person_crops/train/not fallen040_person03.jpg,/content/drive/MyDrive/mobilenetv3_step2/fall_dataset/train/images/not fallen040.jpg,0.733816,0.164755,0.845042,0.579903,192,31,221,111,0.5576,32,88
/content/drive/MyDrive/mobilenetv3_step2/person_crops/train/not fallen040_person00.jpg,/content/drive/MyDrive/mobilenetv3_step2/fall_dataset/train/images/not fallen040.png,0.087953,0.159009,0.701938,0.935917,28,38,224,224,0.5791,216,205
/content/drive/MyDrive/mobilenetv3_step2/person_crops/train/not fallen041_person00.jpg,/content/drive/MyDrive/mobilenetv3_step2/fall_dataset/train/images/not fallen041.jpg,0.167828,0.078393,0.794073,0.949466,50,13,238,159,0.6431,207,161
/content/drive/MyDrive/mobilenetv3_step2/person_crops/train/not fallen041_person00.jpg,/content/drive/MyDrive/mobilenetv3_step2/fall_dataset/train/images/not fallen041.png,0.086055,0.142808,0.820158,0.951462,27,34,262,228,0.603,259,214
/content/drive/MyDrive/mobilenetv3_step2/person_crops/train/not fallen042_person00.jpg,/content/drive/MyDrive/mobilenetv3_step2/fall_dataset/train/images/not fallen042.jpg,0.894732,0.553084,1.0,0.923085,246,101,275,168,0.6992,31,75
/content/drive/MyDrive/mobilenetv3_step2/person_crops/train/not fallen042_person01.jpg,/content/drive/MyDrive/mobilenetv3_step2/fall_dataset/train/images/not fallen042.jpg,0.0007,0.611084,0.116337,0.93146,0,111,31,170,0.6115,33,65
/content/drive/MyDrive/mobilenetv3_step2/person_crops/train/not fallen042_person02.jpg,/content/drive/MyDrive/mobilenetv3_step2/fall_dataset/train/images/not fallen042.jpg,0.315351,0.243261,0.539687,0.981226,86,44,148,179,0.5974,68,146
/content/drive/MyDrive/mobilenetv3_step2/person_crops/train/not fallen042_person03.jpg,/content/drive/MyDrive/mobilenetv3_step2/fall_dataset/train/images/not fallen042.jpg,0.097172,0.628695,0.223033,0.898641,26,115,61,164,0.5853,39,54
/content/drive/MyDrive/mobilenetv3_step2/person_crops/train/not fallen042_person04.jpg,/content/drive/MyDrive/mobilenetv3_step2/fall_dataset/train/images/not fallen042.jpg,0.518556,0.552462,0.665817,0.900523,142,101,183,164,0.5682,45,70
/content/drive/MyDrive/mobilenetv3_step2/person_crops/train/not fallen042_person05.jpg,/content/drive/MyDrive/mobilenetv3_step2/fall_dataset/train/images/not fallen042.jpg,0.601895,0.570684,0.726779,0.931349,165,104,199,170,0.559,38,72
/content/drive/MyDrive/mobilenetv3_step2/person_crops/train/not fallen043_person00.jpg,/content/drive/MyDrive/mobilenetv3_step2/fall_dataset/train/images/not fallen043.jpg,0.198906,0.097529,0.777528,0.935408,36,26,142,257,0.7826,116,253
/content/drive/MyDrive/mobilenetv3_step2/person_crops/train/not fallen044_person00.jpg,/content/drive/MyDrive/mobilenetv3_step2/fall_dataset/train/images/not fallen044.jpg,0.311902,0.242451,0.685583,0.936116,83,45,183,176,0.6569,110,144
/content/drive/MyDrive/mobilenetv3_step2/person_crops/train/not fallen044_person01.jpg,/content/drive/MyDrive/mobilenetv3_step2/fall_dataset/train/images/not fallen044.jpg,0.77934,0.341624,0.925882,0.596381,208,64,247,112,0.5859,43,53
/content/drive/MyDrive/mobilenetv3_step2/person_crops/train/not fallen044_person02.jpg,/content/drive/MyDrive/mobilenetv3_step2/fall_dataset/train/images/not fallen044.jpg,0.010008,0.337112,0.150745,0.68398,2,63,40,129,0.5709,42,72
/content/drive/MyDrive/mobilenetv3_step2/person_crops/train/not fallen045_person00.jpg,/content/drive/MyDrive/mobilenetv3_step2/fall_dataset/train/images/not fallen045.jpg,0.052181,0.131558,0.385575,0.914049,12,28,90,194,0.8683,86,184
/content/drive/MyDrive/mobilenetv3_step2/person_crops/train/not fallen046_person00.jpg,/content/drive/MyDrive/mobilenetv3_step2/fall_dataset/train/images/not fallen046.jpg,0.502486,0.209653,0.827687,1.0,138,38,227,183,0.6949,99,152
/content/drive/MyDrive/mobilenetv3_step2/person_crops/train/not fallen047_person00.jpg,/content/drive/MyDrive/mobilenetv3_step2/fall_dataset/train/images/not fallen047.jpg,0.408726,0.26298,0.588711,1.0,112,48,161,183,0.7636,55,142
/content/drive/MyDrive/mobilenetv3_step2/person_crops/train/not fallen047_person01.jpg,/content/drive/MyDrive/mobilenetv3_step2/fall_dataset/train/images/not fallen047.jpg,0.26985,0.272923,0.375643,0.583768,74,49,103,106,0.6362,32,62
/content/drive/MyDrive/mobilenetv3_step2/person_crops/train/not fallen047_person02.jpg,/content/drive/MyDrive/mobilenetv3_step2/fall_dataset/train/images/not fallen047.jpg,0.124959,0.288744,0.20182,0.640632,34,52,55,117,0.5808,23,71
/content/drive/MyDrive/mobilenetv3_step2/person_crops/train/not fallen048_person00.jpg,/content/drive/MyDrive/mobilenetv3_step2/fall_dataset/train/images/not fallen048.jpg,0.470193,0.10763,0.833612,0.936452,129,19,229,171,0.7903,110,166
/content/drive/MyDrive/mobilenetv3_step2/person_crops/train/not fallen049_person00.jpg,/content/drive/MyDrive/mobilenetv3_step2/fall_dataset/train/images/not fallen049.jpg,0.450154,0.082354,1.0,0.940983,123,15,275,172,0.716,159,173
/content/drive/MyDrive/mobilenetv3_step2/person_crops/train/not fallen050_person00.jpg,/content/drive/MyDrive/mobilenetv3_step2/fall_dataset/train/images/not fallen050.jpg,0.210013,0.185084,0.886123,0.858657,82,51,346,240,0.6114,291,207
/content/drive/MyDrive/mobilenetv3_step2/person_crops/train/not fallen051_person00.jpg,/content/drive/MyDrive/mobilenetv3_step2/fall_dataset/train/images/not fallen051.jpg,0.331723,0.118385,0.891631,0.952782,91,21,245,174,0.6624,169,167
/content/drive/MyDrive/mobilenetv3_step2/person_crops/train/not fallen052_person00.jpg,/content/drive/MyDrive/mobilenetv3_step2/fall_dataset/train/images/not fallen052.jpg,0.120775,0.170627,0.645889,0.843974,30,33,163,167,0.78,147,147
/content/drive/MyDrive/mobilenetv3_step2/person_crops/train/not fallen053_person00.jpg,/content/drive/MyDrive/mobilenetv3_step2/fall_dataset/train/images/not fallen053.jpg,0.130535,0.265338,0.503264,0.854404,32,53,124,173,0.6691,102,132
/content/drive/MyDrive/mobilenetv3_step2/person_crops/train/not fallen053_person01.jpg,/content/drive/MyDrive/mobilenetv3_step2/fall_dataset/train/images/not fallen053.jpg,0.136747,0.705384,0.468228,0.920679,33,143,116,186,0.6662,91,48
/content/drive/MyDrive/mobilenetv3_step2/person_crops/train/not fallen054_person00.jpg,/content/drive/MyDrive/mobilenetv3_step2/fall_dataset/train/images/not fallen054.jpg,0.31318,0.0704,0.7857,1.0,93,11,234,168,0.6846,155,164
/content/drive/MyDrive/mobilenetv3_step2/person_crops/train/not fallen055_person00.jpg,/content/drive/MyDrive/mobilenetv3_step2/fall_dataset/train/images/not fallen055.jpg,0.354746,0.146073,0.982544,0.882727,97,26,270,161,0.642,187,149
/content/drive/MyDrive/mobilenetv3_step2/person_crops/train/not fallen056_person00.jpg,/content/drive/MyDrive/mobilenetv3_step2/fall_dataset/train/images/not fallen056.jpg,0.116845,0.226612,0.632494,0.916105,32,41,173,167,0.6055,156,138
/content/drive/MyDrive/mobilenetv3_step2/person_crops/train/not fallen056_person01.jpg,/content/drive/MyDrive/mobilenetv3_step2/fall_dataset/train/images/not fallen056.jpg,0.0,0.152877,0.275461,0.627903,0,27,75,114,0.5867,79,96
/content/drive/MyDrive/mobilenetv3_step2/person_crops/train/not fallen057_person00.jpg,/content/drive/MyDrive/mobilenetv3_step2/fall_dataset/train/images/not fallen057.jpg,0.194123,0.144295,0.969032,1.0,53,26,266,183,0.7174,233,165
/content/drive/MyDrive/mobilenetv3_step2/person_crops/train/not fallen058_person00.jpg,/content/drive/MyDrive/mobilenetv3_step2/fall_dataset/train/images/not fallen058.jpg,0.098323,0.114867,0.913725,0.937891,29,19,274,157,0.6906,269,152
/content/drive/MyDrive/mobilenetv3_step2/person_crops/train/not fallen059_person00.jpg,/content/drive/MyDrive/mobilenetv3_step2/fall_dataset/train/images/not fallen059.jpg,0.165237,0.070953,0.945601,0.856274,45,12,260,156,0.6875,236,158
/content/drive/MyDrive/mobilenetv3_step2/person_crops/train/not fallen060_person00.jpg,/content/drive/MyDrive/mobilenetv3_step2/fall_dataset/train/images/not fallen060.jpg,0.154223,0.362944,0.928173,0.844222,42,66,255,154,0.694,234,96
/content/drive/MyDrive/mobilenetv3_step2/person_crops/train/not fallen061_person00.jpg,/content/drive/MyDrive/mobilenetv3_step2/fall_dataset/train/images/not fallen061.jpg,0.111232,0.207012,0.855215,0.905322,20,56,156,248,0.8967,150,211
/content/drive/MyDrive/mobilenetv3_step2/person_crops/train/not fallen062_person00.jpg,/content/drive/MyDrive/mobilenetv3_step2/fall_dataset/train/images/not fallen062.jpg,0.218906,0.076755,0.806935,0.795263,38,21,140,222,0.9051,113,221
/content/drive/MyDrive/mobilenetv3_step2/person_crops/train/not fallen063_person00.jpg,/content/drive/MyDrive/mobilenetv3_step2/fall_dataset/train/images/not fallen063.jpg,0.365806,0.21543,0.735077,0.645197,173,127,348,381,0.7029,193,280
/content/drive/MyDrive/mobilenetv3_step2/person_crops/train/not fallen063_person01.jpg,/content/drive/MyDrive/mobilenetv3_step2/fall_dataset/train/images/not fallen063.jpg,0.063524,0.799281,0.357781,0.973539,30,473,169,576,0.5547,153,113
/content/drive/MyDrive/mobilenetv3_step2/person_crops/train/not fallen064_person00.jpg,/content/drive/MyDrive/mobilenetv3_step2/fall_dataset/train/images/not fallen064.jpg,0.027394,0.1948,0.998095,0.883058,35,168,1297,764,0.592,1300,656
/content/drive/MyDrive/mobilenetv3_step2/person_crops/train/not fallen065_person00.jpg,/content/drive/MyDrive/mobilenetv3_step2/fall_dataset/train/images/not fallen065.jpg,0.278054,0.143987,0.730519,0.880858,83,64,218,396,0.7544,149,364
/content/drive/MyDrive/mobilenetv3_step2/person_crops/train/not fallen066_person00.jpg,/content/drive/MyDrive/mobilenetv3_step2/fall_dataset/train/images/not fallen066.jpg,0.110186,0.232304,0.943488,0.850706,58,185,501,680,0.7882,488,544
/content/drive/MyDrive/mobilenetv3_step2/person_crops/train/not fallen067_person00.jpg,/content/drive/MyDrive/mobilenetv3_step2/fall_dataset/train/images/not fallen067.jpg,0.196626,0.245492,0.47514,1.0,88,73,213,300,0.7852,138,238
/content/drive/MyDrive/mobilenetv3_step2/person_crops/train/not fallen068_person00.jpg,/content/drive/MyDrive/mobilenetv3_step2/fall_dataset/train/images/not fallen068.jpg,0.510292,0.284342,0.85577,0.96299,663,271,1112,920,0.7056,494,714
/content/drive/MyDrive/mobilenetv3_step2/person_crops/train/not fallen068_person01.jpg,/content/drive/MyDrive/mobilenetv3_step2/fall_dataset/train/images/not fallen068.jpg,0.08979,0.308723,0.305289,0.672938,116,295,396,643,0.628,308,383
/content/drive/MyDrive/mobilenetv3_step2/person_crops/train/not fallen069_person00.jpg,/content/drive/MyDrive/mobilenetv3_step2/fall_dataset/train/images/not fallen069.jpg,0.09346,0.406,0.49118,0.897912,266,1740,1398,3850,0.7582,1246,2320
/content/drive/MyDrive/mobilenetv3_step2/person_crops/train/not fallen070_person00.jpg,/content/drive/MyDrive/mobilenetv3_step2/fall_dataset/train/images/not fallen070.jpg,0.235741,0.166455,1.0,0.882836,66,86,280,457,0.8765,225,408
/content/drive/MyDrive/mobilenetv3_step2/person_crops/train/not fallen071_person00.jpg,/content/drive/MyDrive/mobilenetv3_step2/fall_dataset/train/images/not fallen071.jpg,0.27644,0.199127,0.550997,0.967396,221,120,442,583,0.6963,243,507
/content/drive/MyDrive/mobilenetv3_step2/person_crops/train/not fallen072_person00.jpg,/content/drive/MyDrive/mobilenetv3_step2/fall_dataset/train/images/not fallen072.jpg,0.635928,0.21498,0.943851,0.948435,381,85,566,379,0.6271,203,323
/content/drive/MyDrive/mobilenetv3_step2/person_crops/train/not fallen072_person01.jpg,/content/drive/MyDrive/mobilenetv3_step2/fall_dataset/train/images/not fallen072.jpg,0.173357,0.0,0.365605,0.446231,104,0,219,178,0.6128,127,187
/content/drive/MyDrive/mobilenetv3_step2/person_crops/train/not fallen073_person00.jpg,/content/drive/MyDrive/mobilenetv3_step2/fall_dataset/train/images/not fallen073.jpg,0.046985,0.32044,0.641984,0.923433,56,256,770,738,0.5953,786,530
/content/drive/MyDrive/mobilenetv3_step2/person_crops/train/not fallen074_person00.jpg,/content/drive/MyDrive/mobilenetv3_step2/fall_dataset/train/images/not fallen074.jpg,0.060791,0.148086,1.0,0.823239,97,172,1600,961,0.6286,1578,867
/content/drive/MyDrive/mobilenetv3_step2/person_crops/train/not fallen075_person00.jpg,/content/drive/MyDrive/mobilenetv3_step2/fall_dataset/train/images/not fallen075.jpg,0.482552,0.098045,1.0,0.944049,772,114,1600,1102,0.7558,870,1087
/content/drive/MyDrive/mobilenetv3_step2/person_crops/train/not fallen075_person01.jpg,/content/drive/MyDrive/mobilenetv3_step2/fall_dataset/train/images/not fallen075.jpg,0.124671,0.342506,0.364578,0.687952,199,400,583,803,0.627,422,444
/content/drive/MyDrive/mobilenetv3_step2/person_crops/train/not fallen076_person00.jpg,/content/drive/MyDrive/mobilenetv3_step2/fall_dataset/train/images/not fallen076.jpg,0.308507,0.274774,0.613946,0.951757,493,320,982,1110,0.6967,537,869
/content/drive/MyDrive/mobilenetv3_step2/person_crops/train/not fallen077_person00.jpg,/content/drive/MyDrive/mobilenetv3_step2/fall_dataset/train/images/not fallen077.jpg,0.12905,0.309728,0.984802,0.806753,132,211,1007,550,0.6875,935,373
/content/drive/MyDrive/mobilenetv3_step2/person_crops/train/not fallen078_person00.jpg,/content/drive/MyDrive/mobilenetv3_step2/fall_dataset/train/images/not fallen078.jpg,0.179254,0.105922,0.805804,0.963186,179,70,805,642,0.7274,690,625
/content/drive/MyDrive/mobilenetv3_step2/person_crops/train/not fallen078_person01.jpg,/content/drive/MyDrive/mobilenetv3_step2/fall_dataset/train/images/not fallen078.jpg,0.0,0.0,0.193717,0.428218,0,0,193,285,0.5516,203,299
/content/drive/MyDrive/mobilenetv3_step2/person_crops/train/not fallen079_person00.jpg,/content/drive/MyDrive/mobilenetv3_step2/fall_dataset/train/images/not fallen079.jpg,0.179254,0.105922,0.805804,0.963186,179,70,805,642,0.7274,690,625
/content/drive/MyDrive/mobilenetv3_step2/person_crops/train/not fallen079_person01.jpg,/content/drive/MyDrive/mobilenetv3_step2/fall_dataset/train/images/not fallen079.jpg,0.0,0.0,0.193717,0.428218,0,0,193,285,0.5516,203,299
/content/drive/MyDrive/mobilenetv3_step2/person_crops/train/not fallen080_person00.jpg,/content/drive/MyDrive/mobilenetv3_step2/fall_dataset/train/images/not fallen080.jpg,0.207714,0.202103,0.795752,1.0,130,84,498,417,0.7424,405,350
/content/drive/MyDrive/mobilenetv3_step2/person_crops/train/not fallen081_person00.jpg,/content/drive/MyDrive/mobilenetv3_step2/fall_dataset/train/images/not fallen081.jpg,0.207714,0.202103,0.795752,1.0,130,84,498,417,0.7424,405,350
/content/drive/MyDrive/mobilenetv3_step2/person_crops/train/not fallen082_person00.jpg,/content/drive/MyDrive/mobilenetv3_step2/fall_dataset/train/images/not fallen082.jpg,0.275878,0.128467,1.0,0.827558,358,122,1300,791,0.6955,989,736
/content/drive/MyDrive/mobilenetv3_step2/person_crops/train/not fallen082_person01.jpg,/content/drive/MyDrive/mobilenetv3_step2/fall_dataset/train/images/not fallen082.jpg,0.757139,0.775071,1.0,0.940092,984,741,1300,899,0.5744,332,174
/content/drive/MyDrive/mobilenetv3_step2/person_crops/train/not fallen083_person00.jpg,/content/drive/MyDrive/mobilenetv3_step2/fall_dataset/train/images/not fallen083.jpg,0.275878,0.128467,1.0,0.827558,358,122,1300,791,0.6955,989,736
/content/drive/MyDrive/mobilenetv3_step2/person_crops/train/not fallen083_person01.jpg,/content/drive/MyDrive/mobilenetv3_step2/fall_dataset/train/images/not fallen083.jpg,0.757139,0.775071,1.0,0.940092,984,741,1300,899,0.5744,332,174
/content/drive/MyDrive/mobilenetv3_step2/person_crops/train/not fallen084_person00.jpg,/content/drive/MyDrive/mobilenetv3_step2/fall_dataset/train/images/not fallen084.jpg,0.292887,0.113138,1.0,1.0,351,71,1199,628,0.6833,891,585
/content/drive/MyDrive/mobilenetv3_step2/person_crops/train/not fallen084_person01.jpg,/content/drive/MyDrive/mobilenetv3_step2/fall_dataset/train/images/not fallen084.jpg,0.026603,0.638814,0.217519,1.0,31,401,261,628,0.5741,252,239
/content/drive/MyDrive/mobilenetv3_step2/person_crops/train/not fallen085_person00.jpg,/content/drive/MyDrive/mobilenetv3_step2/fall_dataset/train/images/not fallen085.jpg,0.522054,0.218091,0.670739,0.91194,339,94,435,394,0.8376,106,330
/content/drive/MyDrive/mobilenetv3_step2/person_crops/train/not fallen086_person00.jpg,/content/drive/MyDrive/mobilenetv3_step2/fall_dataset/train/images/not fallen086.jpg,0.70169,0.377116,0.829355,0.734283,1263,452,1492,881,0.5654,253,472
/content/drive/MyDrive/mobilenetv3_step2/person_crops/train/not fallen087_person00.jpg,/content/drive/MyDrive/mobilenetv3_step2/fall_dataset/train/images/not fallen087.jpg,0.288212,0.288228,0.700974,0.953591,117,176,285,583,0.7277,185,447
/content/drive/MyDrive/mobilenetv3_step2/person_crops/train/not fallen088_person00.jpg,/content/drive/MyDrive/mobilenetv3_step2/fall_dataset/train/images/not fallen088.jpg,0.046119,0.098445,0.72031,0.942374,18,60,293,576,0.8358,302,568
/content/drive/MyDrive/mobilenetv3_step2/person_crops/train/not fallen089_person00.jpg,/content/drive/MyDrive/mobilenetv3_step2/fall_dataset/train/images/not fallen089.jpg,0.062727,0.16034,0.466373,0.982971,38,65,285,401,0.7877,271,360
/content/drive/MyDrive/mobilenetv3_step2/person_crops/train/not fallen090_person00.jpg,/content/drive/MyDrive/mobilenetv3_step2/fall_dataset/train/images/not fallen090.jpg,0.297932,0.14958,0.479884,0.881544,151,50,244,298,0.6268,101,273
/content/drive/MyDrive/mobilenetv3_step2/person_crops/train/not fallen090_person01.jpg,/content/drive/MyDrive/mobilenetv3_step2/fall_dataset/train/images/not fallen090.jpg,0.471142,0.5741,0.740113,0.864912,239,194,376,293,0.5873,151,109
/content/drive/MyDrive/mobilenetv3_step2/person_crops/train/not fallen091_person00.jpg,/content/drive/MyDrive/mobilenetv3_step2/fall_dataset/train/images/not fallen091.jpg,0.327461,0.209344,0.655262,0.969814,261,111,524,516,0.7093,289,442
/content/drive/MyDrive/mobilenetv3_step2/person_crops/train/not fallen091_person01.jpg,/content/drive/MyDrive/mobilenetv3_step2/fall_dataset/train/images/not fallen091.jpg,0.711557,0.63049,1.0,1.0,569,336,800,533,0.5726,243,207
/content/drive/MyDrive/mobilenetv3_step2/person_crops/train/not fallen092_person00.jpg,/content/drive/MyDrive/mobilenetv3_step2/fall_dataset/train/images/not fallen092.jpg,0.181564,0.320094,0.800964,0.872005,70,89,312,244,0.606,266,170
/content/drive/MyDrive/mobilenetv3_step2/person_crops/train/not fallen093_person00.jpg,/content/drive/MyDrive/mobilenetv3_step2/fall_dataset/train/images/not fallen093.jpg,0.24287,0.096022,0.775095,0.871148,94,26,302,243,0.803,228,238
/content/drive/MyDrive/mobilenetv3_step2/person_crops/train/not fallen094_person00.jpg,/content/drive/MyDrive/mobilenetv3_step2/fall_dataset/train/images/not fallen094.jpg,0.566322,0.417751,0.777308,0.883413,849,940,1165,1988,0.5616,348,1153
/content/drive/MyDrive/mobilenetv3_step2/person_crops/train/not fallen095_person00.jpg,/content/drive/MyDrive/mobilenetv3_step2/fall_dataset/train/images/not fallen095.jpg,0.101989,0.070768,0.905476,1.0,60,23,534,332,0.6234,521,324
/content/drive/MyDrive/mobilenetv3_step2/person_crops/train/not fallen096_person00.jpg,/content/drive/MyDrive/mobilenetv3_step2/fall_dataset/train/images/not fallen096.jpg,0.320549,0.011155,0.709472,1.0,189,3,418,332,0.5725,253,332
/content/drive/MyDrive/mobilenetv3_step2/person_crops/train/not fallen097_person00.jpg,/content/drive/MyDrive/mobilenetv3_step2/fall_dataset/train/images/not fallen097.jpg,0.184814,0.239177,0.6309,0.913225,126,244,430,935,0.8139,335,759
/content/drive/MyDrive/mobilenetv3_step2/person_crops/train/not fallen098_person00.jpg,/content/drive/MyDrive/mobilenetv3_step2/fall_dataset/train/images/not fallen098.jpg,0.474058,0.01052,0.791191,0.975291,303,3,506,351,0.7239,223,360
/content/drive/MyDrive/mobilenetv3_step2/person_crops/train/not fallen099_person00.jpg,/content/drive/MyDrive/mobilenetv3_step2/fall_dataset/train/images/not fallen099.jpg,0.516494,0.23725,0.798144,0.914643,528,162,817,624,0.6711,317,509
/content/drive/MyDrive/mobilenetv3_step2/person_crops/train/not fallen100_person00.jpg,/content/drive/MyDrive/mobilenetv3_step2/fall_dataset/train/images/not fallen100.jpg,0.390618,0.351697,0.646946,1.0,781,468,1293,1332,0.7494,564,907
/content/drive/MyDrive/mobilenetv3_step2/person_crops/train/not fallen100_person01.jpg,/content/drive/MyDrive/mobilenetv3_step2/fall_dataset/train/images/not fallen100.jpg,0.72187,0.464638,0.978797,0.889892,1443,618,1957,1185,0.6047,565,623
/content/drive/MyDrive/mobilenetv3_step2/person_crops/train/not fallen101_person00.jpg,/content/drive/MyDrive/mobilenetv3_step2/fall_dataset/train/images/not fallen101.jpg,0.188963,0.407125,0.96972,0.895375,245,381,1260,839,0.6707,1106,504
/content/drive/MyDrive/mobilenetv3_step2/person_crops/train/not fallen102_person00.jpg,/content/drive/MyDrive/mobilenetv3_step2/fall_dataset/train/images/not fallen102.jpg,0.032486,0.091498,0.875845,0.890622,35,154,967,1504,0.8035,1014,1484
/content/drive/MyDrive/mobilenetv3_step2/person_crops/train/not fallen103_person00.jpg,/content/drive/MyDrive/mobilenetv3_step2/fall_dataset/train/images/not fallen103.jpg,0.340479,0.185299,0.86576,1.0,217,66,554,360,0.5664,369,308
/content/drive/MyDrive/mobilenetv3_step2/person_crops/train/not fallen104_person00.jpg,/content/drive/MyDrive/mobilenetv3_step2/fall_dataset/train/images/not fallen104.jpg,0.246755,0.257318,0.750566,0.889235,304,211,924,730,0.6046,683,571
/content/drive/MyDrive/mobilenetv3_step2/person_crops/train/not fallen105_person00.jpg,/content/drive/MyDrive/mobilenetv3_step2/fall_dataset/train/images/not fallen105.jpg,0.075087,0.371305,0.588215,1.0,96,267,752,720,0.634,722,476
/content/drive/MyDrive/mobilenetv3_step2/person_crops/train/not fallen106_person00.jpg,/content/drive/MyDrive/mobilenetv3_step2/fall_dataset/train/images/not fallen106.jpg,0.241324,0.249257,0.712357,0.747124,255,324,752,971,0.6819,547,712
/content/drive/MyDrive/mobilenetv3_step2/person_crops/train/not fallen107_person00.jpg,/content/drive/MyDrive/mobilenetv3_step2/fall_dataset/train/images/not fallen107.jpg,0.293772,0.237708,0.893811,0.930748,235,126,715,496,0.638,528,406
/content/drive/MyDrive/mobilenetv3_step2/person_crops/train/not fallen108_person00.jpg,/content/drive/MyDrive/mobilenetv3_step2/fall_dataset/train/images/not fallen108.jpg,0.351671,0.109207,0.679023,0.953158,96,19,186,174,0.6885,99,170
/content/drive/MyDrive/mobilenetv3_step2/person_crops/train/not fallen109_person00.jpg,/content/drive/MyDrive/mobilenetv3_step2/fall_dataset/train/images/not fallen109.jpg,0.416572,0.197646,0.907664,0.902948,76,54,166,248,0.8061,99,214
/content/drive/MyDrive/mobilenetv3_step2/person_crops/train/not fallen109_person01.jpg,/content/drive/MyDrive/mobilenetv3_step2/fall_dataset/train/images/not fallen109.jpg,0.330731,0.734228,0.811481,0.997989,60,201,148,274,0.6095,96,77
/content/drive/MyDrive/mobilenetv3_step2/person_crops/train/not fallen110_person00.jpg,/content/drive/MyDrive/mobilenetv3_step2/fall_dataset/train/images/not fallen110.jpg,0.484099,0.112506,0.947951,1.0,133,20,261,183,0.6766,141,171
/content/drive/MyDrive/mobilenetv3_step2/person_crops/train/not fallen111_person00.jpg,/content/drive/MyDrive/mobilenetv3_step2/fall_dataset/train/images/not fallen111.jpg,0.435128,0.1552,0.677935,0.823269,114,29,177,158,0.5528,70,141
/content/drive/MyDrive/mobilenetv3_step2/person_crops/train/not fallen112_person00.jpg,/content/drive/MyDrive/mobilenetv3_step2/fall_dataset/train/images/not fallen112.jpg,0.258462,0.232291,0.779572,0.966305,47,63,142,265,0.7512,105,222
/content/drive/MyDrive/mobilenetv3_step2/person_crops/train/not fallen113_person00.jpg,/content/drive/MyDrive/mobilenetv3_step2/fall_dataset/train/images/not fallen113.jpg,0.160392,0.076707,0.75819,1.0,42,14,202,189,0.7486,176,184
/content/drive/MyDrive/mobilenetv3_step2/person_crops/train/not fallen114_person00.jpg,/content/drive/MyDrive/mobilenetv3_step2/fall_dataset/train/images/not fallen114.jpg,0.497198,0.112731,0.721624,0.861892,136,20,198,157,0.7616,68,151
/content/drive/MyDrive/mobilenetv3_step2/person_crops/train/not fallen115_person00.jpg,/content/drive/MyDrive/mobilenetv3_step2/fall_dataset/train/images/not fallen115.jpg,0.533468,0.100406,0.766802,0.896866,146,18,210,164,0.7851,71,160
/content/drive/MyDrive/mobilenetv3_step2/person_crops/train/not fallen116_person00.jpg,/content/drive/MyDrive/mobilenetv3_step2/fall_dataset/train/images/not fallen116.jpg,0.544411,0.096417,0.765719,0.894557,149,17,210,163,0.7984,67,161
/content/drive/MyDrive/mobilenetv3_step2/person_crops/train/not fallen117_person00.jpg,/content/drive/MyDrive/mobilenetv3_step2/fall_dataset/train/images/not fallen117.jpg,0.246444,0.169459,0.791646,0.901981,67,31,217,165,0.6887,165,147
/content/drive/MyDrive/mobilenetv3_step2/person_crops/train/not fallen118_person00.jpg,/content/drive/MyDrive/mobilenetv3_step2/fall_dataset/train/images/not fallen118.jpg,0.251821,0.084406,0.917545,0.859502,56,18,206,193,0.6545,164,192
/content/drive/MyDrive/mobilenetv3_step2/person_crops/train/not fallen119_person00.jpg,/content/drive/MyDrive/mobilenetv3_step2/fall_dataset/train/images/not fallen119.jpg,0.019426,0.182022,0.342671,1.0,5,34,89,192,0.8606,94,165
/content/drive/MyDrive/mobilenetv3_step2/person_crops/train/not fallen120_person00.jpg,/content/drive/MyDrive/mobilenetv3_step2/fall_dataset/train/images/not fallen120.jpg,0.170687,0.110351,0.725846,0.949215,31,30,132,261,0.8814,111,254
/content/drive/MyDrive/mobilenetv3_step2/person_crops/train/not fallen122_person00.jpg,/content/drive/MyDrive/mobilenetv3_step2/fall_dataset/train/images/not fallen122.jpg,0.280759,0.255446,0.483012,0.97443,77,46,132,178,0.6371,61,143
/content/drive/MyDrive/mobilenetv3_step2/person_crops/train/not fallen123_person00.jpg,/content/drive/MyDrive/mobilenetv3_step2/fall_dataset/train/images/not fallen123.jpg,0.172957,0.192002,0.690384,1.0,47,35,189,183,0.5934,156,156
/content/drive/MyDrive/mobilenetv3_step2/person_crops/train/not fallen124_person00.jpg,/content/drive/MyDrive/mobilenetv3_step2/fall_dataset/train/images/not fallen124.jpg,0.233313,0.315213,0.512254,0.963937,46,79,102,241,0.7161,61,180
/content/drive/MyDrive/mobilenetv3_step2/person_crops/train/not fallen125_person00.jpg,/content/drive/MyDrive/mobilenetv3_step2/fall_dataset/train/images/not fallen125.jpg,0.426968,0.305369,0.560056,0.887499,114,57,150,166,0.6415,39,121
/content/drive/MyDrive/mobilenetv3_step2/person_crops/train/not fallen126_person00.jpg,/content/drive/MyDrive/mobilenetv3_step2/fall_dataset/train/images/not fallen126.jpg,0.407718,0.268052,0.814994,0.975667,74,73,149,268,0.8469,82,212
/content/drive/MyDrive/mobilenetv3_step2/person_crops/train/not fallen127_person00.jpg,/content/drive/MyDrive/mobilenetv3_step2/fall_dataset/train/images/not fallen127.jpg,0.439729,0.149926,0.720439,1.0,120,27,198,183,0.7522,84,164
/content/drive/MyDrive/mobilenetv3_step2/person_crops/train/not fallen128_person00.jpg,/content/drive/MyDrive/mobilenetv3_step2/fall_dataset/train/images/not fallen128.jpg,0.400942,0.058006,0.699901,0.984183,119,9,209,165,0.6498,98,167
/content/drive/MyDrive/mobilenetv3_step2/person_crops/train/not fallen128_person01.jpg,/content/drive/MyDrive/mobilenetv3_step2/fall_dataset/train/images/not fallen128.jpg,0.685022,0.776644,0.921262,1.0,204,130,275,168,0.5809,77,40
/content/drive/MyDrive/mobilenetv3_step2/person_crops/train/not fallen130_person00.jpg,/content/drive/MyDrive/mobilenetv3_step2/fall_dataset/train/images/not fallen130.jpg,0.142919,0.192543,0.799611,1.0,39,35,219,183,0.683,198,156
/content/drive/MyDrive/mobilenetv3_step2/person_crops/train/not fallen131_person00.jpg,/content/drive/MyDrive/mobilenetv3_step2/fall_dataset/train/images/not fallen131.jpg,0.11181,0.226892,0.523459,0.958649,30,41,143,175,0.6168,124,148
/content/drive/MyDrive/mobilenetv3_step2/person_crops/train/not fallen132_person00.jpg,/content/drive/MyDrive/mobilenetv3_step2/fall_dataset/train/images/not fallen132.jpg,0.008674,0.101495,0.643477,0.931335,2,19,168,178,0.6391,176,175
/content/drive/MyDrive/mobilenetv3_step2/person_crops/train/not fallen133_person00.jpg,/content/drive/MyDrive/mobilenetv3_step2/fall_dataset/train/images/not fallen133.jpg,0.02884,0.260862,0.672933,0.93743,7,47,185,171,0.6622,193,136
/content/drive/MyDrive/mobilenetv3_step2/person_crops/train/not fallen134_person00.jpg,/content/drive/MyDrive/mobilenetv3_step2/fall_dataset/train/images/not fallen134.jpg,0.029724,0.12837,0.635201,0.878728,8,23,174,160,0.6876,183,151
/content/drive/MyDrive/mobilenetv3_step2/person_crops/train/not fallen135_person00.jpg,/content/drive/MyDrive/mobilenetv3_step2/fall_dataset/train/images/not fallen135.jpg,0.060749,0.254403,0.916288,0.688915,16,47,245,129,0.6047,253,90
/content/drive/MyDrive/mobilenetv3_step2/person_crops/train/not fallen136_person00.jpg,/content/drive/MyDrive/mobilenetv3_step2/fall_dataset/train/images/not fallen136.jpg,0.429558,0.159949,0.96963,0.866302,112,30,254,166,0.6686,156,150
/content/drive/MyDrive/mobilenetv3_step2/person_crops/train/not fallen137_person00.jpg,/content/drive/MyDrive/mobilenetv3_step2/fall_dataset/train/images/not fallen137.jpg,0.138821,0.350091,1.0,0.93108,25,96,183,256,0.773,166,176
/content/drive/MyDrive/mobilenetv3_step2/person_crops/train/not fallen138_person00.jpg,/content/drive/MyDrive/mobilenetv3_step2/fall_dataset/train/images/not fallen138.jpg,0.273663,0.202117,0.915494,1.0,75,36,251,183,0.5932,194,154
/content/drive/MyDrive/mobilenetv3_step2/person_crops/train/not fallen139_person00.jpg,/content/drive/MyDrive/mobilenetv3_step2/fall_dataset/train/images/not fallen139.jpg,0.261283,0.087001,0.85833,0.955215,58,19,193,214,0.7449,147,215
/content/drive/MyDrive/mobilenetv3_step2/person_crops/train/not fallen140_person00.jpg,/content/drive/MyDrive/mobilenetv3_step2/fall_dataset/train/images/not fallen140.jpg,0.107928,0.194689,0.749576,0.951021,29,35,206,174,0.6587,194,152
/content/drive/MyDrive/mobilenetv3_step2/person_crops/train/not fallen141_person00.jpg,/content/drive/MyDrive/mobilenetv3_step2/fall_dataset/train/images/not fallen141.jpg,0.183341,0.372467,0.920273,0.881368,32,105,163,250,0.6765,144,159
/content/drive/MyDrive/mobilenetv3_step2/person_crops/train/not fallen142_person00.jpg,/content/drive/MyDrive/mobilenetv3_step2/fall_dataset/train/images/not fallen142.jpg,0.343709,0.108126,0.751762,0.625155,90,20,196,120,0.5839,118,110
/content/drive/MyDrive/mobilenetv3_step2/person_crops/train/not fallen143_person00.jpg,/content/drive/MyDrive/mobilenetv3_step2/fall_dataset/train/images/not fallen143.jpg,0.423038,0.0,0.955143,1.0,134,0,304,158,0.6857,187,158
/content/drive/MyDrive/mobilenetv3_step2/person_crops/train/not fallen144_person00.jpg,/content/drive/MyDrive/mobilenetv3_step2/fall_dataset/train/images/not fallen144.jpg,0.33683,0.260614,0.844805,1.0,92,47,232,183,0.5986,154,143
/content/drive/MyDrive/mobilenetv3_step2/person_crops/train/not fallen145_person00.jpg,/content/drive/MyDrive/mobilenetv3_step2/fall_dataset/train/images/not fallen145.jpg,0.305917,0.036779,0.843455,1.0,91,6,252,168,0.7909,177,168
/content/drive/MyDrive/mobilenetv3_step2/person_crops/train/not fallen146_person00.jpg,/content/drive/MyDrive/mobilenetv3_step2/fall_dataset/train/images/not fallen146.jpg,0.44673,0.185481,0.917078,0.976025,117,35,240,187,0.7042,136,164
/content/drive/MyDrive/mobilenetv3_step2/person_crops/train/not fallen147_person00.jpg,/content/drive/MyDrive/mobilenetv3_step2/fall_dataset/train/images/not fallen147.jpg,0.471209,0.3539,0.801894,0.846658,86,97,146,232,0.5909,66,149
/content/drive/MyDrive/mobilenetv3_step2/person_crops/train/not fallen148_person00.jpg,/content/drive/MyDrive/mobilenetv3_step2/fall_dataset/train/images/not fallen148.jpg,0.311601,0.445606,0.684425,0.940425,59,117,131,247,0.8136,78,143
/content/drive/MyDrive/mobilenetv3_step2/person_crops/train/not fallen149_person00.jpg,/content/drive/MyDrive/mobilenetv3_step2/fall_dataset/train/images/not fallen149.jpg,0.112364,0.314628,0.426481,0.911555,20,86,78,250,0.8208,63,180
/content/drive/MyDrive/mobilenetv3_step2/person_crops/train/not fallen150_person00.jpg,/content/drive/MyDrive/mobilenetv3_step2/fall_dataset/train/images/not fallen150.jpg,0.312226,0.20777,0.785404,1.0,85,38,215,184,0.7226,143,154
/content/drive/MyDrive/mobilenetv3_step2/person_crops/train/not fallen151_person00.jpg,/content/drive/MyDrive/mobilenetv3_step2/fall_dataset/train/images/not fallen151.jpg,0.136973,0.079811,0.691008,0.907231,23,23,117,268,0.7934,104,269
/content/drive/MyDrive/mobilenetv3_step2/person_crops/train/not fallen152_person00.jpg,/content/drive/MyDrive/mobilenetv3_step2/fall_dataset/train/images/not fallen152.jpg,0.186862,0.103217,0.514049,0.863156,48,19,134,165,0.7155,94,161
/content/drive/MyDrive/mobilenetv3_step2/person_crops/train/not fallen153_person00.jpg,/content/drive/MyDrive/mobilenetv3_step2/fall_dataset/train/images/not fallen153.jpg,0.258971,0.113428,0.713887,0.937776,47,31,130,257,0.8342,91,250
/content/drive/MyDrive/mobilenetv3_step2/person_crops/train/not fallen154_person00.jpg,/content/drive/MyDrive/mobilenetv3_step2/fall_dataset/train/images/not fallen154.jpg,0.0,0.34263,0.314591,0.775386,0,192,314,435,0.63,330,267
/content/drive/MyDrive/mobilenetv3_step2/person_crops/train/not fallen154_person01.jpg,/content/drive/MyDrive/mobilenetv3_step2/fall_dataset/train/images/not fallen154.jpg,0.50846,0.10338,0.71781,0.96475,508,58,717,542,0.6095,231,529
/content/drive/MyDrive/mobilenetv3_step2/person_crops/train/not fallen155_person00.jpg,/content/drive/MyDrive/mobilenetv3_step2/fall_dataset/train/images/not fallen155.jpg,0.313211,0.231073,0.693768,0.782576,313,346,693,1173,0.6893,418,910
/content/drive/MyDrive/mobilenetv3_step2/person_crops/train/not fallen156_person00.jpg,/content/drive/MyDrive/mobilenetv3_step2/fall_dataset/train/images/not fallen156.jpg,0.547991,0.190583,0.994015,1.0,350,91,636,480,0.6272,304,408
/content/drive/MyDrive/mobilenetv3_step2/person_crops/train/not fallen157_person00.jpg,/content/drive/MyDrive/mobilenetv3_step2/fall_dataset/train/images/not fallen157.jpg,0.547991,0.190583,0.994015,1.0,350,91,636,480,0.6272,304,408
/content/drive/MyDrive/mobilenetv3_step2/person_crops/train/not fallen158_person00.jpg,/content/drive/MyDrive/mobilenetv3_step2/fall_dataset/train/images/not fallen158.jpg,0.52963,0.204337,1.0,0.677442,338,98,640,325,0.7783,317,250
/content/drive/MyDrive/mobilenetv3_step2/person_crops/train/not fallen158_person01.jpg,/content/drive/MyDrive/mobilenetv3_step2/fall_dataset/train/images/not fallen158.jpg,0.028882,0.0,0.412541,0.32906,18,0,264,157,0.5798,270,165
/content/drive/MyDrive/mobilenetv3_step2/person_crops/train/not fallen158_person02.jpg,/content/drive/MyDrive/mobilenetv3_step2/fall_dataset/train/images/not fallen158.jpg,0.0,0.622284,0.36668,1.0,0,298,234,480,0.5579,246,191
/content/drive/MyDrive/mobilenetv3_step2/person_crops/train/not fallen159_person00.jpg,/content/drive/MyDrive/mobilenetv3_step2/fall_dataset/train/images/not fallen159.jpg,0.52963,0.204337,1.0,0.677442,338,98,640,325,0.7783,317,250
/content/drive/MyDrive/mobilenetv3_step2/person_crops/train/not fallen159_person01.jpg,/content/drive/MyDrive/mobilenetv3_step2/fall_dataset/train/images/not fallen159.jpg,0.028882,0.0,0.412541,0.32906,18,0,264,157,0.5798,270,165
/content/drive/MyDrive/mobilenetv3_step2/person_crops/train/not fallen159_person02.jpg,/content/drive/MyDrive/mobilenetv3_step2/fall_dataset/train/images/not fallen159.jpg,0.0,0.622284,0.36668,1.0,0,298,234,480,0.5579,246,191
/content/drive/MyDrive/mobilenetv3_step2/person_crops/train/not fallen160_person00.jpg,/content/drive/MyDrive/mobilenetv3_step2/fall_dataset/train/images/not fallen160.jpg,0.562945,0.161521,0.743484,0.718883,360,77,475,345,0.7487,127,294
/content/drive/MyDrive/mobilenetv3_step2/person_crops/train/not fallen161_person00.jpg,/content/drive/MyDrive/mobilenetv3_step2/fall_dataset/train/images/not fallen161.jpg,0.562945,0.161521,0.743484,0.718883,360,77,475,345,0.7487,127,294
/content/drive/MyDrive/mobilenetv3_step2/person_crops/train/not fallen162_person00.jpg,/content/drive/MyDrive/mobilenetv3_step2/fall_dataset/train/images/not fallen162.jpg,0.571411,0.315875,0.827215,1.0,365,151,529,480,0.6339,180,345
/content/drive/MyDrive/mobilenetv3_step2/person_crops/train/not fallen163_person00.jpg,/content/drive/MyDrive/mobilenetv3_step2/fall_dataset/train/images/not fallen163.jpg,0.571411,0.315875,0.827215,1.0,365,151,529,480,0.6339,180,345
/content/drive/MyDrive/mobilenetv3_step2/person_crops/train/not fallen165_person00.jpg,/content/drive/MyDrive/mobilenetv3_step2/fall_dataset/train/images/not fallen165.jpg,0.144327,0.61764,0.435906,0.97167,92,296,278,466,0.5856,205,187
/content/drive/MyDrive/mobilenetv3_step2/person_crops/train/not fallen165_person01.jpg,/content/drive/MyDrive/mobilenetv3_step2/fall_dataset/train/images/not fallen165.jpg,0.522191,0.345633,0.694887,0.881566,334,165,444,423,0.5764,122,283
/content/drive/MyDrive/mobilenetv3_step2/person_crops/train/not fallen166_person00.jpg,/content/drive/MyDrive/mobilenetv3_step2/fall_dataset/train/images/not fallen166.jpg,0.459272,0.144301,0.692402,0.843479,293,69,443,404,0.8156,164,369
/content/drive/MyDrive/mobilenetv3_step2/person_crops/train/sit_lowlight-001_person00.jpg,/content/drive/MyDrive/mobilenetv3_step2/fall_dataset/train/images/sit_lowlight-001.png,0.115898,0.553873,0.377395,1.0,81,250,263,453,0.5544,201,213
/content/drive/MyDrive/mobilenetv3_step2/person_crops/train/sit_lowlight-002_person00.jpg,/content/drive/MyDrive/mobilenetv3_step2/fall_dataset/train/images/sit_lowlight-002.png,0.348334,0.660219,0.557826,0.949839,304,380,486,548,0.7197,202,184
/content/drive/MyDrive/mobilenetv3_step2/person_crops/train/sit_lowlight-003_person00.jpg,/content/drive/MyDrive/mobilenetv3_step2/fall_dataset/train/images/sit_lowlight-003.png,0.0,0.652112,0.445756,1.0,0,393,360,603,0.7889,378,221
/content/drive/MyDrive/mobilenetv3_step2/person_crops/train/sit_lowlight-003_person01.jpg,/content/drive/MyDrive/mobilenetv3_step2/fall_dataset/train/images/sit_lowlight-003.png,0.608791,0.385323,0.888212,0.869627,492,232,718,524,0.6534,248,321
/content/drive/MyDrive/mobilenetv3_step2/person_crops/train/sit_lowlight-003_person02.jpg,/content/drive/MyDrive/mobilenetv3_step2/fall_dataset/train/images/sit_lowlight-003.png,0.209158,0.327049,0.45537,0.721197,169,197,368,434,0.5877,219,261
/content/drive/MyDrive/mobilenetv3_step2/person_crops/train/sit_lowlight-003_person03.jpg,/content/drive/MyDrive/mobilenetv3_step2/fall_dataset/train/images/sit_lowlight-003.png,0.424888,0.282012,0.593313,0.655973,343,170,479,395,0.5585,150,248
/content/drive/MyDrive/mobilenetv3_step2/person_crops/train/sit_lowlight-003_person04.jpg,/content/drive/MyDrive/mobilenetv3_step2/fall_dataset/train/images/sit_lowlight-003.png,0.590171,0.194827,0.670236,0.388208,477,117,542,234,0.5501,71,128
/content/drive/MyDrive/mobilenetv3_step2/person_crops/train/sit_lowlight-004_person00.jpg,/content/drive/MyDrive/mobilenetv3_step2/fall_dataset/train/images/sit_lowlight-004.png,0.611527,0.424323,0.968845,1.0,483,225,766,531,0.6041,311,321
/content/drive/MyDrive/mobilenetv3_step2/person_crops/train/sit_lowlight-006_person00.jpg,/content/drive/MyDrive/mobilenetv3_step2/fall_dataset/train/images/sit_lowlight-006.png,0.550025,0.651994,1.0,0.870192,166,304,303,406,0.79,144,112
/content/drive/MyDrive/mobilenetv3_step2/person_crops/train/sit_lowlight-006_person01.jpg,/content/drive/MyDrive/mobilenetv3_step2/fall_dataset/train/images/sit_lowlight-006.png,0.0,0.553004,0.475317,1.0,0,258,144,467,0.6805,151,220
/content/drive/MyDrive/mobilenetv3_step2/person_crops/train/sit_lowlight-006_person02.jpg,/content/drive/MyDrive/mobilenetv3_step2/fall_dataset/train/images/sit_lowlight-006.png,0.674681,0.541509,0.891423,0.717185,204,252,270,334,0.6354,72,91
/content/drive/MyDrive/mobilenetv3_step2/person_crops/train/sit_lowlight-006_person03.jpg,/content/drive/MyDrive/mobilenetv3_step2/fall_dataset/train/images/sit_lowlight-006.png,0.453861,0.543909,0.596054,0.862006,137,254,180,402,0.5928,47,163
/content/drive/MyDrive/mobilenetv3_step2/person_crops/train/sit_lowlight-006_person04.jpg,/content/drive/MyDrive/mobilenetv3_step2/fall_dataset/train/images/sit_lowlight-006.png,0.68039,0.131086,1.0,0.409627,206,61,303,191,0.5505,102,143
/content/drive/MyDrive/mobilenetv3_step2/person_crops/train/sit_lowlight-007_person00.jpg,/content/drive/MyDrive/mobilenetv3_step2/fall_dataset/train/images/sit_lowlight-007.png,0.328485,0.332987,0.537661,0.680125,274,149,448,305,0.8374,192,172
/content/drive/MyDrive/mobilenetv3_step2/person_crops/train/sit_lowlight-007_person01.jpg,/content/drive/MyDrive/mobilenetv3_step2/fall_dataset/train/images/sit_lowlight-007.png,0.53038,0.30931,0.687446,0.696236,442,138,574,312,0.5684,144,191
/content/drive/MyDrive/mobilenetv3_step2/person_crops/train/sit_lowlight-008_person00.jpg,/content/drive/MyDrive/mobilenetv3_step2/fall_dataset/train/images/sit_lowlight-008.png,0.190989,0.100006,0.736279,0.969631,138,47,533,463,0.6462,435,451
/content/drive/MyDrive/mobilenetv3_step2/person_crops/train/sit_lowlight-009_person00.jpg,/content/drive/MyDrive/mobilenetv3_step2/fall_dataset/train/images/sit_lowlight-009.png,0.148682,0.12782,0.375593,0.390209,130,72,329,222,0.5662,219,164
/content/drive/MyDrive/mobilenetv3_step2/person_crops/train/sit_lowlight-009_person01.jpg,/content/drive/MyDrive/mobilenetv3_step2/fall_dataset/train/images/sit_lowlight-009.png,0.18693,0.234426,0.362177,0.573531,163,133,317,326,0.5596,169,213
/content/drive/MyDrive/mobilenetv3_step2/person_crops/train/sit_lowlight-010_person00.jpg,/content/drive/MyDrive/mobilenetv3_step2/fall_dataset/train/images/sit_lowlight-010.png,0.340191,0.099835,0.68985,0.597801,228,45,462,271,0.6259,258,248
/content/drive/MyDrive/mobilenetv3_step2/person_crops/train/sit_lowlight-010_person01.jpg,/content/drive/MyDrive/mobilenetv3_step2/fall_dataset/train/images/sit_lowlight-010.png,0.0,0.230977,0.172602,1.0,0,104,115,454,0.5808,121,367
/content/drive/MyDrive/mobilenetv3_step2/person_crops/train/sit_lowlight-010_person02.jpg,/content/drive/MyDrive/mobilenetv3_step2/fall_dataset/train/images/sit_lowlight-010.png,0.565428,0.282454,1.0,1.0,379,128,671,454,0.5802,307,343
/content/drive/MyDrive/mobilenetv3_step2/person_crops/train/sit_lowlight-011_person00.jpg,/content/drive/MyDrive/mobilenetv3_step2/fall_dataset/train/images/sit_lowlight-011.png,0.126638,0.488149,0.334136,0.957368,72,214,192,420,0.6942,132,227
/content/drive/MyDrive/mobilenetv3_step2/person_crops/train/sit_lowlight-013_person00.jpg,/content/drive/MyDrive/mobilenetv3_step2/fall_dataset/train/images/sit_lowlight-013.png,0.286071,0.756299,0.718077,1.0,105,425,264,563,0.6877,175,145
/content/drive/MyDrive/mobilenetv3_step2/person_crops/train/sit_lowlight-013_person01.jpg,/content/drive/MyDrive/mobilenetv3_step2/fall_dataset/train/images/sit_lowlight-013.png,0.0,0.699057,0.269918,1.0,0,393,99,563,0.6277,104,178
/content/drive/MyDrive/mobilenetv3_step2/person_crops/train/sit_lowlight-013_person02.jpg,/content/drive/MyDrive/mobilenetv3_step2/fall_dataset/train/images/sit_lowlight-013.png,0.643582,0.597055,1.0,0.918473,236,336,368,517,0.6129,138,199
/content/drive/MyDrive/mobilenetv3_step2/person_crops/train/sit_lowlight-013_person03.jpg,/content/drive/MyDrive/mobilenetv3_step2/fall_dataset/train/images/sit_lowlight-013.png,0.180508,0.652151,0.503697,0.818539,66,367,185,460,0.578,131,103
/content/drive/MyDrive/mobilenetv3_step2/person_crops/train/sit_lowlight-013_person04.jpg,/content/drive/MyDrive/mobilenetv3_step2/fall_dataset/train/images/sit_lowlight-013.png,0.519152,0.770329,0.895229,1.0,191,433,329,563,0.5765,152,136
/content/drive/MyDrive/mobilenetv3_step2/person_crops/train/sit_lowlight-013_person05.jpg,/content/drive/MyDrive/mobilenetv3_step2/fall_dataset/train/images/sit_lowlight-013.png,0.355676,0.652668,0.723469,0.896644,130,367,266,504,0.5664,149,151
/content/drive/MyDrive/mobilenetv3_step2/person_crops/train/sit_lowlight-014_person00.jpg,/content/drive/MyDrive/mobilenetv3_step2/fall_dataset/train/images/sit_lowlight-014.png,0.445012,0.296239,0.6341,0.72363,360,160,514,392,0.7153,168,255
/content/drive/MyDrive/mobilenetv3_step2/person_crops/train/sit_lowlight-014_person01.jpg,/content/drive/MyDrive/mobilenetv3_step2/fall_dataset/train/images/sit_lowlight-014.png,0.570397,0.328115,0.719546,0.60405,462,178,583,327,0.632,133,165
/content/drive/MyDrive/mobilenetv3_step2/person_crops/train/sit_lowlight-014_person02.jpg,/content/drive/MyDrive/mobilenetv3_step2/fall_dataset/train/images/sit_lowlight-014.png,0.325254,0.307662,0.450818,0.785856,263,167,365,426,0.6204,112,285
/content/drive/MyDrive/mobilenetv3_step2/person_crops/train/sit_lowlight-014_person03.jpg,/content/drive/MyDrive/mobilenetv3_step2/fall_dataset/train/images/sit_lowlight-014.png,0.59778,0.522692,0.932555,1.0,484,283,756,543,0.5951,298,273
/content/drive/MyDrive/mobilenetv3_step2/person_crops/train/sit_lowlight-015_person00.jpg,/content/drive/MyDrive/mobilenetv3_step2/fall_dataset/train/images/sit_lowlight-015.png,0.0,0.54462,0.320319,0.949537,0,276,261,481,0.688,274,226
/content/drive/MyDrive/mobilenetv3_step2/person_crops/train/sit_lowlight-015_person01.jpg,/content/drive/MyDrive/mobilenetv3_step2/fall_dataset/train/images/sit_lowlight-015.png,0.387889,0.497403,0.506181,0.861394,316,252,413,436,0.6807,106,203
/content/drive/MyDrive/mobilenetv3_step2/person_crops/train/sit_lowlight-015_person02.jpg,/content/drive/MyDrive/mobilenetv3_step2/fall_dataset/train/images/sit_lowlight-015.png,0.260371,0.534292,0.424548,0.929232,212,270,346,471,0.6653,148,221
/content/drive/MyDrive/mobilenetv3_step2/person_crops/train/sit_lowlight-015_person03.jpg,/content/drive/MyDrive/mobilenetv3_step2/fall_dataset/train/images/sit_lowlight-015.png,0.470365,0.480728,0.558869,0.844244,383,243,456,428,0.6302,79,203
/content/drive/MyDrive/mobilenetv3_step2/person_crops/train/sit_lowlight-015_person04.jpg,/content/drive/MyDrive/mobilenetv3_step2/fall_dataset/train/images/sit_lowlight-015.png,0.88811,0.513529,1.0,0.995795,724,260,816,504,0.6034,96,259
/content/drive/MyDrive/mobilenetv3_step2/person_crops/train/sit_lowlight-015_person05.jpg,/content/drive/MyDrive/mobilenetv3_step2/fall_dataset/train/images/sit_lowlight-015.png,0.738296,0.5125,0.896369,0.970911,602,259,731,492,0.5873,142,255
/content/drive/MyDrive/mobilenetv3_step2/person_crops/train/sit_lowlight-015_person06.jpg,/content/drive/MyDrive/mobilenetv3_step2/fall_dataset/train/images/sit_lowlight-015.png,0.278924,0.070961,0.549928,0.520649,227,35,448,263,0.5864,243,251
/content/drive/MyDrive/mobilenetv3_step2/person_crops/train/sit_lowlight-015_person07.jpg,/content/drive/MyDrive/mobilenetv3_step2/fall_dataset/train/images/sit_lowlight-015.png,0.536283,0.481248,0.630637,0.769294,437,243,514,390,0.5756,85,161
/content/drive/MyDrive/mobilenetv3_step2/person_crops/train/sit_lowlight-015_person08.jpg,/content/drive/MyDrive/mobilenetv3_step2/fall_dataset/train/images/sit_lowlight-015.png,0.683873,0.483515,0.75501,0.699817,558,245,616,354,0.5669,63,121
/content/drive/MyDrive/mobilenetv3_step2/person_crops/train/sit_lowlight-016_person00.jpg,/content/drive/MyDrive/mobilenetv3_step2/fall_dataset/train/images/sit_lowlight-016.png,0.720958,0.421264,1.0,0.998097,587,227,815,538,0.7005,239,329
/content/drive/MyDrive/mobilenetv3_step2/person_crops/train/sit_lowlight-016_person01.jpg,/content/drive/MyDrive/mobilenetv3_step2/fall_dataset/train/images/sit_lowlight-016.png,0.206044,0.044977,0.478618,0.617393,167,24,390,333,0.5987,245,340
/content/drive/MyDrive/mobilenetv3_step2/person_crops/train/sit_lowlight-016_person02.jpg,/content/drive/MyDrive/mobilenetv3_step2/fall_dataset/train/images/sit_lowlight-016.png,0.326864,0.643925,0.711638,1.0,266,347,579,540,0.5697,345,202
/content/drive/MyDrive/mobilenetv3_step2/person_crops/train/sit_lowlight-017_person00.jpg,/content/drive/MyDrive/mobilenetv3_step2/fall_dataset/train/images/sit_lowlight-017.png,0.219097,0.371096,0.578888,1.0,194,213,515,575,0.8175,353,380
/content/drive/MyDrive/mobilenetv3_step2/person_crops/train/sit_lowlight-017_person01.jpg,/content/drive/MyDrive/mobilenetv3_step2/fall_dataset/train/images/sit_lowlight-017.png,0.578882,0.404266,1.0,1.0,515,232,890,575,0.7643,394,360
/content/drive/MyDrive/mobilenetv3_step2/person_crops/train/sit_lowlight-018_person00.jpg,/content/drive/MyDrive/mobilenetv3_step2/fall_dataset/train/images/sit_lowlight-018.png,0.011501,0.192743,0.415539,0.936217,10,113,366,550,0.5629,384,481
/content/drive/MyDrive/mobilenetv3_step2/person_crops/train/sit_lowlight-019_person00.jpg,/content/drive/MyDrive/mobilenetv3_step2/fall_dataset/train/images/sit_lowlight-019.png,0.582058,0.387338,0.780064,0.723167,460,199,617,373,0.7093,172,190
/content/drive/MyDrive/mobilenetv3_step2/person_crops/train/sit_lowlight-019_person01.jpg,/content/drive/MyDrive/mobilenetv3_step2/fall_dataset/train/images/sit_lowlight-019.png,0.185517,0.351961,0.342155,0.599744,146,181,270,309,0.7006,137,140
/content/drive/MyDrive/mobilenetv3_step2/person_crops/train/sit_lowlight-019_person02.jpg,/content/drive/MyDrive/mobilenetv3_step2/fall_dataset/train/images/sit_lowlight-019.png,0.047945,0.338724,0.214913,0.724556,37,174,170,373,0.6239,145,219
/content/drive/MyDrive/mobilenetv3_step2/person_crops/train/sit_lowlight-019_person03.jpg,/content/drive/MyDrive/mobilenetv3_step2/fall_dataset/train/images/sit_lowlight-019.png,0.404933,0.287767,0.612785,0.778001,320,148,485,401,0.6038,181,279
/content/drive/MyDrive/mobilenetv3_step2/person_crops/train/sit_lowlight-019_person04.jpg,/content/drive/MyDrive/mobilenetv3_step2/fall_dataset/train/images/sit_lowlight-019.png,0.690304,0.327809,0.899727,0.764633,546,169,712,394,0.6029,182,248
/content/drive/MyDrive/mobilenetv3_step2/person_crops/train/sit_lowlight-019_person05.jpg,/content/drive/MyDrive/mobilenetv3_step2/fall_dataset/train/images/sit_lowlight-019.png,0.824243,0.321269,1.0,0.598297,652,165,792,308,0.5929,147,157
/content/drive/MyDrive/mobilenetv3_step2/person_crops/train/sit_lowlight-019_person06.jpg,/content/drive/MyDrive/mobilenetv3_step2/fall_dataset/train/images/sit_lowlight-019.png,0.386067,0.337893,0.503972,0.789612,305,174,399,407,0.5635,102,257
/content/drive/MyDrive/mobilenetv3_step2/person_crops/train/sit_lowlight-020_person00.jpg,/content/drive/MyDrive/mobilenetv3_step2/fall_dataset/train/images/sit_lowlight-020.png,0.094856,0.17632,0.423131,0.789706,76,92,341,413,0.6838,291,353
/content/drive/MyDrive/mobilenetv3_step2/person_crops/train/sit_lowlight-021_person00.jpg,/content/drive/MyDrive/mobilenetv3_step2/fall_dataset/train/images/sit_lowlight-021.png,0.824287,0.0,1.0,0.3431,710,0,862,159,0.7235,160,167
/content/drive/MyDrive/mobilenetv3_step2/person_crops/train/sit_lowlight-021_person01.jpg,/content/drive/MyDrive/mobilenetv3_step2/fall_dataset/train/images/sit_lowlight-021.png,0.0,0.0,0.191899,0.519645,0,0,165,241,0.6693,173,253
/content/drive/MyDrive/mobilenetv3_step2/person_crops/train/sit_lowlight-021_person02.jpg,/content/drive/MyDrive/mobilenetv3_step2/fall_dataset/train/images/sit_lowlight-021.png,0.34056,0.0,0.405591,0.634105,293,0,349,294,0.6666,62,309
/content/drive/MyDrive/mobilenetv3_step2/person_crops/train/sit_lowlight-021_person03.jpg,/content/drive/MyDrive/mobilenetv3_step2/fall_dataset/train/images/sit_lowlight-021.png,0.113695,0.299642,0.400609,1.0,98,139,345,465,0.6412,272,342
/content/drive/MyDrive/mobilenetv3_step2/person_crops/train/sit_lowlight-021_person04.jpg,/content/drive/MyDrive/mobilenetv3_step2/fall_dataset/train/images/sit_lowlight-021.png,0.437799,0.0,0.511172,0.60153,377,0,440,279,0.6312,69,293
/content/drive/MyDrive/mobilenetv3_step2/person_crops/train/sit_lowlight-021_person05.jpg,/content/drive/MyDrive/mobilenetv3_step2/fall_dataset/train/images/sit_lowlight-021.png,0.509808,0.0,0.69317,0.507174,439,0,597,235,0.6101,174,247
/content/drive/MyDrive/mobilenetv3_step2/person_crops/train/sit_lowlight-021_person06.jpg,/content/drive/MyDrive/mobilenetv3_step2/fall_dataset/train/images/sit_lowlight-021.png,0.713718,0.079188,0.840642,0.480656,615,36,724,223,0.5739,121,205
/content/drive/MyDrive/mobilenetv3_step2/person_crops/train/sit_lowlight-022_person00.jpg,/content/drive/MyDrive/mobilenetv3_step2/fall_dataset/train/images/sit_lowlight-022.png,0.3516,0.097631,0.627084,0.857049,308,55,549,486,0.727,266,475
/content/drive/MyDrive/mobilenetv3_step2/person_crops/train/sit_lowlight-023_person00.jpg,/content/drive/MyDrive/mobilenetv3_step2/fall_dataset/train/images/sit_lowlight-023.png,0.134234,0.068813,0.582066,0.899056,112,38,487,504,0.6976,412,512
/content/drive/MyDrive/mobilenetv3_step2/person_crops/train/sit_lowlight-024_person00.jpg,/content/drive/MyDrive/mobilenetv3_step2/fall_dataset/train/images/sit_lowlight-024.png,0.320087,0.15968,0.839951,0.951183,146,75,383,450,0.8669,261,413
/content/drive/MyDrive/mobilenetv3_step2/person_crops/train/sit_lowlight-024_person01.jpg,/content/drive/MyDrive/mobilenetv3_step2/fall_dataset/train/images/sit_lowlight-024.png,0.700568,0.365915,0.984214,0.649,320,173,449,307,0.6295,143,148
/content/drive/MyDrive/mobilenetv3_step2/person_crops/train/sit_lowlight-026_person00.jpg,/content/drive/MyDrive/mobilenetv3_step2/fall_dataset/train/images/sit_lowlight-026.png,0.106609,0.30182,0.670761,0.876084,76,144,483,418,0.6511,447,302
/content/drive/MyDrive/mobilenetv3_step2/person_crops/train/sit_lowlight-026_person01.jpg,/content/drive/MyDrive/mobilenetv3_step2/fall_dataset/train/images/sit_lowlight-026.png,0.762291,0.502459,0.895966,0.680775,549,240,645,325,0.5578,106,94
/content/drive/MyDrive/mobilenetv3_step2/person_crops/train/sit_lowlight-027_person00.jpg,/content/drive/MyDrive/mobilenetv3_step2/fall_dataset/train/images/sit_lowlight-027.png,0.385197,0.239366,0.559854,0.574792,276,113,401,273,0.6493,138,176
/content/drive/MyDrive/mobilenetv3_step2/person_crops/train/sit_lowlight-027_person01.jpg,/content/drive/MyDrive/mobilenetv3_step2/fall_dataset/train/images/sit_lowlight-027.png,0.0,0.474311,0.423286,1.0,0,225,303,476,0.6308,318,263
/content/drive/MyDrive/mobilenetv3_step2/person_crops/train/sit_lowlight-027_person02.jpg,/content/drive/MyDrive/mobilenetv3_step2/fall_dataset/train/images/sit_lowlight-027.png,0.553023,0.449958,0.809664,0.888064,396,214,580,422,0.6048,202,230
/content/drive/MyDrive/mobilenetv3_step2/person_crops/train/sit_lowlight-027_person03.jpg,/content/drive/MyDrive/mobilenetv3_step2/fall_dataset/train/images/sit_lowlight-027.png,0.0,0.270252,0.225558,0.768235,0,128,161,365,0.5935,169,261
/content/drive/MyDrive/mobilenetv3_step2/person_crops/train/sit_lowlight-027_person04.jpg,/content/drive/MyDrive/mobilenetv3_step2/fall_dataset/train/images/sit_lowlight-027.png,0.203553,0.256902,0.350759,0.554097,145,122,251,263,0.5722,116,155
/content/drive/MyDrive/mobilenetv3_step2/person_crops/train/sit_lowlight-027_person05.jpg,/content/drive/MyDrive/mobilenetv3_step2/fall_dataset/train/images/sit_lowlight-027.png,0.240912,0.429139,0.477421,0.823533,172,204,342,392,0.551,186,207
/content/drive/MyDrive/mobilenetv3_step2/person_crops/train/sit_lowlight-028_person00.jpg,/content/drive/MyDrive/mobilenetv3_step2/fall_dataset/train/images/sit_lowlight-028.png,0.311979,0.0,0.555826,0.311659,269,0,480,177,0.57,231,185
/content/drive/MyDrive/mobilenetv3_step2/person_crops/train/sit_lowlight-028_person01.jpg,/content/drive/MyDrive/mobilenetv3_step2/fall_dataset/train/images/sit_lowlight-028.png,0.330739,0.222579,0.892578,0.968668,285,126,771,550,0.5637,534,463
/content/drive/MyDrive/mobilenetv3_step2/person_crops/train/sit_lowlight-029_person00.jpg,/content/drive/MyDrive/mobilenetv3_step2/fall_dataset/train/images/sit_lowlight-029.png,0.427485,0.301887,0.588774,0.764349,372,177,513,450,0.7614,155,299
/content/drive/MyDrive/mobilenetv3_step2/person_crops/train/sit_lowlight-029_person01.jpg,/content/drive/MyDrive/mobilenetv3_step2/fall_dataset/train/images/sit_lowlight-029.png,0.056896,0.122955,0.358038,0.533726,49,72,312,314,0.5695,289,266
/content/drive/MyDrive/mobilenetv3_step2/person_crops/train/sit_lowlight-029_person02.jpg,/content/drive/MyDrive/mobilenetv3_step2/fall_dataset/train/images/sit_lowlight-029.png,0.586564,0.069722,0.911787,0.590981,511,41,795,348,0.5691,312,338
/content/drive/MyDrive/mobilenetv3_step2/person_crops/train/sit_lowlight-030_person00.jpg,/content/drive/MyDrive/mobilenetv3_step2/fall_dataset/train/images/sit_lowlight-030.png,0.22826,0.179231,0.770836,0.938114,200,105,677,552,0.7365,525,491
/content/drive/MyDrive/mobilenetv3_step2/person_crops/train/sit_lowlight-031_person00.jpg,/content/drive/MyDrive/mobilenetv3_step2/fall_dataset/train/images/sit_lowlight-031.png,0.309743,0.334895,0.592649,0.808975,205,149,392,361,0.663,206,233
/content/drive/MyDrive/mobilenetv3_step2/person_crops/train/sit_lowlight-032_person00.jpg,/content/drive/MyDrive/mobilenetv3_step2/fall_dataset/train/images/sit_lowlight-032.png,0.386227,0.078887,0.956704,0.905757,265,34,658,398,0.7796,431,400
/content/drive/MyDrive/mobilenetv3_step2/person_crops/train/sit_lowlight-032_person01.jpg,/content/drive/MyDrive/mobilenetv3_step2/fall_dataset/train/images/sit_lowlight-032.png,0.198647,0.0,0.401023,0.33763,136,0,275,148,0.6186,153,155
/content/drive/MyDrive/mobilenetv3_step2/person_crops/train/sit_lowlight-033_person00.jpg,/content/drive/MyDrive/mobilenetv3_step2/fall_dataset/train/images/sit_lowlight-033.png,0.284292,0.238168,0.390907,0.792839,194,108,267,359,0.7455,80,277
/content/drive/MyDrive/mobilenetv3_step2/person_crops/train/sit_lowlight-033_person01.jpg,/content/drive/MyDrive/mobilenetv3_step2/fall_dataset/train/images/sit_lowlight-033.png,0.329238,0.240626,0.514682,0.83788,225,109,352,380,0.7019,139,298
/content/drive/MyDrive/mobilenetv3_step2/person_crops/train/sit_lowlight-033_person02.jpg,/content/drive/MyDrive/mobilenetv3_step2/fall_dataset/train/images/sit_lowlight-033.png,0.055914,0.178077,0.315376,0.705746,38,80,216,320,0.6484,195,264
/content/drive/MyDrive/mobilenetv3_step2/person_crops/train/sit_lowlight-033_person03.jpg,/content/drive/MyDrive/mobilenetv3_step2/fall_dataset/train/images/sit_lowlight-033.png,0.454031,0.902577,0.652818,1.0,311,409,447,454,0.6438,149,47
/content/drive/MyDrive/mobilenetv3_step2/person_crops/train/sit_lowlight-033_person04.jpg,/content/drive/MyDrive/mobilenetv3_step2/fall_dataset/train/images/sit_lowlight-033.png,0.503729,0.271589,0.83187,0.959694,345,123,569,435,0.6365,248,344
/content/drive/MyDrive/mobilenetv3_step2/person_crops/train/sit_lowlight-033_person05.jpg,/content/drive/MyDrive/mobilenetv3_step2/fall_dataset/train/images/sit_lowlight-033.png,0.623921,0.14716,0.885527,0.680466,427,66,606,308,0.6076,197,267
/content/drive/MyDrive/mobilenetv3_step2/person_crops/train/sit_lowlight-033_person06.jpg,/content/drive/MyDrive/mobilenetv3_step2/fall_dataset/train/images/sit_lowlight-033.png,0.749113,0.48392,1.0,0.937148,513,219,685,425,0.5715,181,226
/content/drive/MyDrive/mobilenetv3_step2/person_crops/train/sit_lowlight-033_person07.jpg,/content/drive/MyDrive/mobilenetv3_step2/fall_dataset/train/images/sit_lowlight-033.png,0.108001,0.23243,0.259078,0.636646,73,105,177,289,0.5558,114,202
/content/drive/MyDrive/mobilenetv3_step2/person_crops/train/sit_lowlight-034_person00.jpg,/content/drive/MyDrive/mobilenetv3_step2/fall_dataset/train/images/sit_lowlight-034.png,0.345232,0.442882,0.570805,0.979364,240,196,398,434,0.5569,173,260
/content/drive/MyDrive/mobilenetv3_step2/person_crops/train/sit_lowlight-035_person00.jpg,/content/drive/MyDrive/mobilenetv3_step2/fall_dataset/train/images/sit_lowlight-035.png,0.479996,0.131733,0.862087,0.965204,412,74,740,548,0.6489,361,517
/content/drive/MyDrive/mobilenetv3_step2/person_crops/train/sit_lowlight-036_person00.jpg,/content/drive/MyDrive/mobilenetv3_step2/fall_dataset/train/images/sit_lowlight-036.png,0.535517,0.334934,1.0,1.0,469,189,877,567,0.806,428,396
/content/drive/MyDrive/mobilenetv3_step2/person_crops/train/sit_lowlight-036_person01.jpg,/content/drive/MyDrive/mobilenetv3_step2/fall_dataset/train/images/sit_lowlight-036.png,0.257752,0.364493,0.569747,0.999193,226,206,499,566,0.6521,301,379
/content/drive/MyDrive/mobilenetv3_step2/person_crops/train/sit_lowlight-037_person00.jpg,/content/drive/MyDrive/mobilenetv3_step2/fall_dataset/train/images/sit_lowlight-037.png,0.493617,0.111866,0.668778,0.430535,356,54,483,207,0.6815,139,169
/content/drive/MyDrive/mobilenetv3_step2/person_crops/train/sit_lowlight-037_person01.jpg,/content/drive/MyDrive/mobilenetv3_step2/fall_dataset/train/images/sit_lowlight-037.png,0.7526,0.328587,1.0,0.686718,544,158,723,331,0.6478,188,190
/content/drive/MyDrive/mobilenetv3_step2/person_crops/train/sit_lowlight-037_person02.jpg,/content/drive/MyDrive/mobilenetv3_step2/fall_dataset/train/images/sit_lowlight-037.png,0.215787,0.564095,0.538074,0.995632,156,272,389,480,0.6214,256,221
/content/drive/MyDrive/mobilenetv3_step2/person_crops/train/sit_lowlight-037_person03.jpg,/content/drive/MyDrive/mobilenetv3_step2/fall_dataset/train/images/sit_lowlight-037.png,0.0,0.283092,0.17571,0.615992,0,136,127,297,0.6103,133,177
/content/drive/MyDrive/mobilenetv3_step2/person_crops/train/sit_lowlight-037_person04.jpg,/content/drive/MyDrive/mobilenetv3_step2/fall_dataset/train/images/sit_lowlight-037.png,0.396461,0.394961,0.627693,0.768317,286,190,453,371,0.5938,184,199
/content/drive/MyDrive/mobilenetv3_step2/person_crops/train/sit_lowlight-037_person05.jpg,/content/drive/MyDrive/mobilenetv3_step2/fall_dataset/train/images/sit_lowlight-037.png,0.14283,0.247349,0.866572,1.0,103,119,626,483,0.5847,575,382
/content/drive/MyDrive/mobilenetv3_step2/person_crops/train/sit_lowlight-037_person06.jpg,/content/drive/MyDrive/mobilenetv3_step2/fall_dataset/train/images/sit_lowlight-037.png,0.508383,0.484395,0.839878,0.993579,367,233,607,479,0.5637,264,262
/content/drive/MyDrive/mobilenetv3_step2/person_crops/train/sit_lowlight-037_person07.jpg,/content/drive/MyDrive/mobilenetv3_step2/fall_dataset/train/images/sit_lowlight-037.png,0.260445,0.400594,0.492771,0.68506,188,193,356,330,0.5518,185,151
/content/drive/MyDrive/mobilenetv3_step2/person_crops/train/sit_lowlight-038_person00.jpg,/content/drive/MyDrive/mobilenetv3_step2/fall_dataset/train/images/sit_lowlight-038.png,0.365656,0.106346,0.820012,0.957987,321,62,720,561,0.6448,439,549
/content/drive/MyDrive/mobilenetv3_step2/person_crops/train/sit_lowlight-039_person00.jpg,/content/drive/MyDrive/mobilenetv3_step2/fall_dataset/train/images/sit_lowlight-039.png,0.409283,0.0,0.508795,0.407597,325,0,405,211,0.5577,87,222
/content/drive/MyDrive/mobilenetv3_step2/person_crops/train/sit_lowlight-039_person01.jpg,/content/drive/MyDrive/mobilenetv3_step2/fall_dataset/train/images/sit_lowlight-039.png,0.080189,0.207791,0.641902,0.966651,63,107,510,501,0.5534,492,431
/content/drive/MyDrive/mobilenetv3_step2/person_crops/train/sit_lowlight-040_person00.jpg,/content/drive/MyDrive/mobilenetv3_step2/fall_dataset/train/images/sit_lowlight-040.png,0.320179,0.0,0.651279,0.371743,263,0,536,204,0.5751,300,215
/content/drive/MyDrive/mobilenetv3_step2/person_crops/train/sit_lowlight-041_person00.jpg,/content/drive/MyDrive/mobilenetv3_step2/fall_dataset/train/images/sit_lowlight-041.png,0.432323,0.14805,1.0,0.989975,377,84,873,564,0.7063,521,510
/content/drive/MyDrive/mobilenetv3_step2/person_crops/train/sit_lowlight-042_person00.jpg,/content/drive/MyDrive/mobilenetv3_step2/fall_dataset/train/images/sit_lowlight-042.png,0.252043,0.131517,0.478974,0.924915,248,71,471,500,0.7493,246,472
/content/drive/MyDrive/mobilenetv3_step2/person_crops/train/sit_lowlight-042_person01.jpg,/content/drive/MyDrive/mobilenetv3_step2/fall_dataset/train/images/sit_lowlight-042.png,0.53029,0.139834,0.729012,0.741006,521,75,717,400,0.6344,215,358
/content/drive/MyDrive/mobilenetv3_step2/person_crops/train/sit_lowlight-043_person00.jpg,/content/drive/MyDrive/mobilenetv3_step2/fall_dataset/train/images/sit_lowlight-043.png,0.011178,0.299942,0.368217,0.787886,9,135,296,356,0.7354,311,243
/content/drive/MyDrive/mobilenetv3_step2/person_crops/train/sit_lowlight-043_person01.jpg,/content/drive/MyDrive/mobilenetv3_step2/fall_dataset/train/images/sit_lowlight-043.png,0.542525,0.336284,0.790074,0.825535,437,152,636,373,0.7112,219,244
/content/drive/MyDrive/mobilenetv3_step2/person_crops/train/sit_lowlight-043_person02.jpg,/content/drive/MyDrive/mobilenetv3_step2/fall_dataset/train/images/sit_lowlight-043.png,0.743945,0.371374,0.997711,0.839541,599,167,804,379,0.6414,217,233
/content/drive/MyDrive/mobilenetv3_step2/person_crops/train/sit_lowlight-044_person00.jpg,/content/drive/MyDrive/mobilenetv3_step2/fall_dataset/train/images/sit_lowlight-044.png,0.0,0.637902,0.44458,1.0,0,355,336,558,0.8034,353,213
/content/drive/MyDrive/mobilenetv3_step2/person_crops/train/sit_lowlight-044_person01.jpg,/content/drive/MyDrive/mobilenetv3_step2/fall_dataset/train/images/sit_lowlight-044.png,0.635826,0.412462,0.90403,0.867713,481,230,685,484,0.6369,224,279
/content/drive/MyDrive/mobilenetv3_step2/person_crops/train/sit_lowlight-044_person02.jpg,/content/drive/MyDrive/mobilenetv3_step2/fall_dataset/train/images/sit_lowlight-044.png,0.593593,0.185953,0.675723,0.381946,449,103,512,213,0.5928,69,120
/content/drive/MyDrive/mobilenetv3_step2/person_crops/train/sit_lowlight-044_person03.jpg,/content/drive/MyDrive/mobilenetv3_step2/fall_dataset/train/images/sit_lowlight-044.png,0.137711,0.317936,0.451914,0.782213,104,177,342,436,0.5724,262,285
/content/drive/MyDrive/mobilenetv3_step2/person_crops/train/sit_lowlight-045_person00.jpg,/content/drive/MyDrive/mobilenetv3_step2/fall_dataset/train/images/sit_lowlight-045.png,0.336742,0.29731,0.679829,1.0,295,169,596,569,0.6286,331,420
/content/drive/MyDrive/mobilenetv3_step2/person_crops/train/sit_lowlight-045_person01.jpg,/content/drive/MyDrive/mobilenetv3_step2/fall_dataset/train/images/sit_lowlight-045.png,0.068904,0.891659,0.336946,1.0,60,507,295,569,0.5573,259,65
/content/drive/MyDrive/mobilenetv3_step2/person_crops/train/sit_lowlight-046_person00.jpg,/content/drive/MyDrive/mobilenetv3_step2/fall_dataset/train/images/sit_lowlight-046.png,0.555597,0.543094,0.675079,0.794463,318,253,387,371,0.7333,75,129
/content/drive/MyDrive/mobilenetv3_step2/person_crops/train/sit_lowlight-046_person01.jpg,/content/drive/MyDrive/mobilenetv3_step2/fall_dataset/train/images/sit_lowlight-046.png,0.699913,0.487202,0.975162,0.820352,401,227,559,383,0.7157,174,171
/content/drive/MyDrive/mobilenetv3_step2/person_crops/train/sit_lowlight-046_person02.jpg,/content/drive/MyDrive/mobilenetv3_step2/fall_dataset/train/images/sit_lowlight-046.png,0.045301,0.560389,0.120057,0.763745,26,261,68,356,0.6797,48,105
/content/drive/MyDrive/mobilenetv3_step2/person_crops/train/sit_lowlight-046_person03.jpg,/content/drive/MyDrive/mobilenetv3_step2/fall_dataset/train/images/sit_lowlight-046.png,0.644012,0.542156,0.72926,0.777789,369,253,418,363,0.6612,54,121
/content/drive/MyDrive/mobilenetv3_step2/person_crops/train/sit_lowlight-046_person04.jpg,/content/drive/MyDrive/mobilenetv3_step2/fall_dataset/train/images/sit_lowlight-046.png,0.426851,0.521275,0.605265,0.841534,245,243,347,392,0.64,113,165
/content/drive/MyDrive/mobilenetv3_step2/person_crops/train/sit_lowlight-046_person05.jpg,/content/drive/MyDrive/mobilenetv3_step2/fall_dataset/train/images/sit_lowlight-046.png,0.934698,0.511425,1.0,0.710144,536,238,574,331,0.6036,40,102
/content/drive/MyDrive/mobilenetv3_step2/person_crops/train/sit_lowlight-046_person06.jpg,/content/drive/MyDrive/mobilenetv3_step2/fall_dataset/train/images/sit_lowlight-046.png,0.101268,0.554583,0.173593,0.729332,58,258,99,340,0.5886,45,90
/content/drive/MyDrive/mobilenetv3_step2/person_crops/train/sit_lowlight-046_person07.jpg,/content/drive/MyDrive/mobilenetv3_step2/fall_dataset/train/images/sit_lowlight-046.png,0.333889,0.433413,0.540316,0.803135,191,202,310,375,0.5639,131,190
/content/drive/MyDrive/mobilenetv3_step2/person_crops/train/sit_lowlight-047_person00.jpg,/content/drive/MyDrive/mobilenetv3_step2/fall_dataset/train/images/sit_lowlight-047.png,0.676934,0.511553,0.916634,1.0,602,300,815,588,0.5927,235,302
/content/drive/MyDrive/mobilenetv3_step2/person_crops/train/sit_lowlight-047_person01.jpg,/content/drive/MyDrive/mobilenetv3_step2/fall_dataset/train/images/sit_lowlight-047.png,0.244472,0.593887,0.519547,1.0,217,349,462,588,0.5639,269,251
/content/drive/MyDrive/mobilenetv3_step2/person_crops/train/sit_lowlight-047_person02.jpg,/content/drive/MyDrive/mobilenetv3_step2/fall_dataset/train/images/sit_lowlight-047.png,0.065196,0.611736,0.330191,1.0,58,359,293,588,0.559,259,240
/content/drive/MyDrive/mobilenetv3_step2/person_crops/train/sit_lowlight-048_person00.jpg,/content/drive/MyDrive/mobilenetv3_step2/fall_dataset/train/images/sit_lowlight-048.png,0.236976,0.114238,0.546317,0.612376,189,60,437,326,0.5602,272,292
/content/drive/MyDrive/mobilenetv3_step2/person_crops/train/sit_lowlight-049_person00.jpg,/content/drive/MyDrive/mobilenetv3_step2/fall_dataset/train/images/sit_lowlight-049.png,0.179861,0.45899,0.434403,0.81297,121,206,294,365,0.8142,189,174
/content/drive/MyDrive/mobilenetv3_step2/person_crops/train/sit_lowlight-050_person00.jpg,/content/drive/MyDrive/mobilenetv3_step2/fall_dataset/train/images/sit_lowlight-050.png,0.273921,0.497932,0.342014,0.888446,187,226,234,404,0.7665,51,196
/content/drive/MyDrive/mobilenetv3_step2/person_crops/train/sit_lowlight-050_person01.jpg,/content/drive/MyDrive/mobilenetv3_step2/fall_dataset/train/images/sit_lowlight-050.png,0.550174,0.552547,0.709245,0.890837,376,251,485,405,0.6932,120,170
/content/drive/MyDrive/mobilenetv3_step2/person_crops/train/sit_lowlight-050_person02.jpg,/content/drive/MyDrive/mobilenetv3_step2/fall_dataset/train/images/sit_lowlight-050.png,0.673459,0.582666,0.835413,1.0,461,265,572,455,0.6037,122,200
/content/drive/MyDrive/mobilenetv3_step2/person_crops/train/sit_lowlight-051_person00.jpg,/content/drive/MyDrive/mobilenetv3_step2/fall_dataset/train/images/sit_lowlight-051.png,0.346504,0.108059,0.637939,0.855655,309,64,569,508,0.7025,286,489
/content/drive/MyDrive/mobilenetv3_step2/person_crops/train/sit_lowlight-053_person00.jpg,/content/drive/MyDrive/mobilenetv3_step2/fall_dataset/train/images/sit_lowlight-053.png,0.396789,0.120002,0.924918,0.957515,270,54,629,438,0.5943,395,422
